store_code,year_week,barcode,sap_code,source_code,total_items_weekly
A90,2024-18,30152540,AA533100,AA532800,25
A90,2024-19,30152540,AA533100,AA532800,8
A90,2024-21,30152540,AA533100,AA532800,2
A90,2024-22,30152540,AA533100,AA532800,2
A90,2024-23,30152540,AA533100,AA532800,5
A90,2024-24,30152540,AA533100,AA532800,2
A90,2024-25,30152540,AA533100,AA532800,4
A90,2024-26,30152540,AA533100,AA532800,10
A90,2024-27,30152540,AA533100,AA532800,7
A90,2024-28,30152540,AA533100,AA532800,7
A90,2024-29,30152540,AA533100,AA532800,6
A90,2024-30,30152540,AA533100,AA532800,4
A90,2024-31,30152540,AA533100,AA532800,6
A90,2024-32,30152540,AA533100,AA532800,6
A90,2024-33,30152540,AA533100,AA532800,32
A90,2024-34,30152540,AA533100,AA532800,375
A90,2024-35,30152540,AA533100,AA532800,3
A90,2024-37,30152540,AA533100,AA532800,3
A90,2024-39,30152540,AA533100,AA532800,3
A90,2024-40,30152540,AA533100,AA532800,9
A90,2024-41,30152540,AA533100,AA532800,3
A90,2024-42,30152540,AA533100,AA532800,5
A90,2024-43,30152540,AA533100,AA532800,5
A90,2024-44,30152540,AA533100,AA532800,6
A90,2024-45,30152540,AA533100,AA532800,7
A90,2024-46,30152540,AA533100,AA532800,1
A90,2024-47,30152540,AA533100,AA532800,2
A90,2024-48,30152540,AA533100,AA532800,40
A90,2024-49,30152540,AA533100,AA532800,2
A90,2024-50,30152540,AA533100,AA532800,9
A90,2024-51,30152540,AA533100,AA532800,4
A90,2024-52,30152540,AA533100,AA532800,9
A90,2024-53,30152540,AA533100,AA532800,3
A90,2025-00,30152540,AA533100,AA532800,5
A90,2025-01,30152540,AA533100,AA532800,10
A90,2025-02,30152540,AA533100,AA532800,8
A90,2025-03,30152540,AA533100,AA532800,6
A90,2025-04,30152540,AA533100,AA532800,7
A90,2025-05,30152540,AA533100,AA532800,6
A90,2025-06,30152540,AA533100,AA532800,2
A90,2025-07,30152540,AA533100,AA532800,5
A90,2025-08,30152540,AA533100,AA532800,8
A90,2025-09,30152540,AA533100,AA532800,2
A90,2025-10,30152540,AA533100,AA532800,1
A90,2025-11,30152540,AA533100,AA532800,11
A90,2025-12,30152540,AA533100,AA532800,8
A90,2025-13,30152540,AA533100,AA532800,9
A90,2025-14,30152540,AA533100,AA532800,7
A90,2025-15,30152540,AA533100,AA532800,2
A90,2025-16,30152540,AA533100,AA532800,4
A90,2025-17,30152540,AA533100,AA532800,2
A90,2025-18,30152540,AA533100,AA532800,1
A90,2025-19,30152540,AA533100,AA532800,1
A90,2024-22,30161467,B3471101,B3471100,2
A90,2024-23,30161467,B3471101,B3471100,12
A90,2024-26,30161467,B3471101,B3471100,9
A90,2024-30,30161467,B3471101,B3471100,31
A90,2024-31,30161467,B3471101,B3471100,14
A90,2024-32,30161467,B3471101,B3471100,7
A90,2024-33,30161467,B3471101,B3471100,23
A90,2024-34,30161467,B3471101,B3471100,21
A90,2024-35,30161467,B3471101,B3471100,10
A90,2024-36,30161467,B3471101,B3471100,7
A90,2024-37,30161467,B3471101,B3471100,2
A90,2024-38,30161467,B3471101,B3471100,4
A90,2024-39,30161467,B3471101,B3471100,1
A90,2024-40,30161467,B3471101,B3471100,6
A90,2024-41,30161467,B3471101,B3471100,8
A90,2024-42,30161467,B3471101,B3471100,5
A90,2024-43,30161467,B3471101,B3471100,13
A90,2024-44,30161467,B3471101,B3471100,22
A90,2024-45,30161467,B3471101,B3471100,2
A90,2024-46,30161467,B3471101,B3471100,10
A90,2024-47,30161467,B3471101,B3471100,17
A90,2024-48,30161467,B3471101,B3471100,41
A90,2024-50,30161467,B3471101,B3471100,4
A90,2024-51,30161467,B3471101,B3471100,6
A90,2024-52,30161467,B3471101,B3471100,6
A90,2024-53,30161467,B3471101,B3471100,3
A90,2025-00,30161467,B3471101,B3471100,15
A90,2025-01,30161467,B3471101,B3471100,25
A90,2025-02,30161467,B3471101,B3471100,29
A90,2025-03,30161467,B3471101,B3471100,15
A90,2025-04,30161467,B3471101,B3471100,12
A90,2025-05,30161467,B3471101,B3471100,1
A90,2025-07,30161467,B3471101,B3471100,4
A90,2025-08,30161467,B3471101,B3471100,4
A90,2025-09,30161467,B3471101,B3471100,2
A90,2025-10,30161467,B3471101,B3471100,2
A90,2025-11,30161467,B3471101,B3471100,4
A90,2025-12,30161467,B3471101,B3471100,1
A90,2025-15,30161467,B3471101,B3471100,6
A90,2025-16,30161467,B3471101,B3471100,38
A90,2025-17,30161467,B3471101,B3471100,45
A90,2025-18,30161467,B3471101,B3471100,20
A90,2024-18,3600530847914,B2118802,B2118800,5
A90,2024-19,3600530847914,B2118802,B2118800,15
A90,2024-20,3600530847914,B2118802,B2118800,5
A90,2024-21,3600530847914,B2118802,B2118800,8
A90,2024-22,3600530847914,B2118802,B2118800,4
A90,2024-23,3600530847914,B2118802,B2118800,6
A90,2024-24,3600530847914,B2118802,B2118800,14
A90,2024-25,3600530847914,B2118802,B2118800,9
A90,2024-26,3600530847914,B2118802,B2118800,39
A90,2024-27,3600530847914,B2118802,B2118800,105
A90,2024-28,3600530847914,B2118802,B2118800,80
A90,2024-29,3600530847914,B2118802,B2118800,72
A90,2024-30,3600530847914,B2118802,B2118800,22
A90,2024-31,3600530847914,B2118802,B2118800,10
A90,2024-32,3600530847914,B2118802,B2118800,5
A90,2024-33,3600530847914,B2118802,B2118800,10
A90,2024-34,3600530847914,B2118802,B2118800,7
A90,2024-35,3600530847914,B2118802,B2118800,12
A90,2024-36,3600530847914,B2118802,B2118800,9
A90,2024-37,3600530847914,B2118802,B2118800,1
A90,2024-38,3600530847914,B2118802,B2118800,7
A90,2024-39,3600530847914,B2118802,B2118800,3
A90,2024-40,3600530847914,B2118802,B2118800,7
A90,2024-41,3600530847914,B2118802,B2118800,3
A90,2024-42,3600530847914,B2118802,B2118800,9
A90,2024-43,3600530847914,B2118802,B2118800,27
A90,2024-44,3600530847914,B2118802,B2118800,24
A90,2024-45,3600530847914,B2118802,B2118800,6
A90,2024-46,3600530847914,B2118802,B2118800,8
A90,2024-47,3600530847914,B2118802,B2118800,8
A90,2024-48,3600530847914,B2118802,B2118800,41
A90,2024-49,3600530847914,B2118802,B2118800,21
A90,2024-50,3600530847914,B2118802,B2118800,23
A90,2024-51,3600530847914,B2118802,B2118800,9
A90,2024-52,3600530847914,B2118802,B2118800,21
A90,2024-53,3600530847914,B2118802,B2118800,5
A90,2025-00,3600530847914,B2118802,B2118800,20
A90,2025-01,3600530847914,B2118802,B2118800,33
A90,2025-02,3600530847914,B2118802,B2118800,47
A90,2025-03,3600530847914,B2118802,B2118800,9
A90,2025-04,3600530847914,B2118802,B2118800,28
A90,2025-05,3600530847914,B2118802,B2118800,3
A90,2025-06,3600530847914,B2118802,B2118800,4
A90,2025-07,3600530847914,B2118802,B2118800,7
A90,2025-08,3600530847914,B2118802,B2118800,20
A90,2025-09,3600530847914,B2118802,B2118800,2
A90,2025-16,3600530847914,B2118802,B2118800,4
A90,2024-18,3600531089795,YFR10098,B2458801,14
A90,2024-19,3600531089795,YFR10098,B2458801,8
A90,2024-20,3600531089795,YFR10098,B2458801,3
A90,2024-21,3600531089795,YFR10098,B2458801,9
A90,2024-22,3600531089795,YFR10098,B2458801,2
A90,2024-24,3600531089795,YFR10098,B2458801,6
A90,2024-25,3600531089795,YFR10098,B2458801,1
A90,2024-26,3600531089795,YFR10098,B2458801,60
A90,2024-27,3600531089795,YFR10098,B2458801,57
A90,2024-28,3600531089795,YFR10098,B2458801,49
A90,2024-29,3600531089795,YFR10098,B2458801,45
A90,2024-30,3600531089795,YFR10098,B2458801,16
A90,2024-31,3600531089795,YFR10098,B2458801,4
A90,2024-32,3600531089795,YFR10098,B2458801,2
A90,2024-33,3600531089795,YFR10098,B2458801,11
A90,2024-34,3600531089795,YFR10098,B2458801,43
A90,2024-35,3600531089795,YFR10098,B2458801,1
A90,2024-36,3600531089795,YFR10098,B2458801,1
A90,2024-37,3600531089795,YFR10098,B2458801,2
A90,2024-38,3600531089795,YFR10098,B2458801,2
A90,2024-39,3600531089795,YFR10098,B2458801,9
A90,2024-40,3600531089795,YFR10098,B2458801,5
A90,2024-41,3600531089795,YFR10098,B2458801,6
A90,2024-42,3600531089795,YFR10098,B2458801,3
A90,2024-43,3600531089795,YFR10098,B2458801,8
A90,2024-44,3600531089795,YFR10098,B2458801,3
A90,2024-48,3600531089795,YFR10098,B2458801,17
A90,2025-01,3600531089795,YFR10098,B2458801,33
A90,2025-02,3600531089795,YFR10098,B2458801,41
A90,2025-03,3600531089795,YFR10098,B2458801,13
A90,2025-04,3600531089795,YFR10098,B2458801,26
A90,2025-05,3600531089795,YFR10098,B2458801,3
A90,2025-06,3600531089795,YFR10098,B2458801,3
A90,2025-07,3600531089795,YFR10098,B2458801,8
A90,2025-08,3600531089795,YFR10098,B2458801,16
A90,2025-09,3600531089795,YFR10098,B2458801,4
A90,2025-10,3600531089795,YFR10098,B2458801,8
A90,2025-11,3600531089795,YFR10098,B2458801,3
A90,2025-12,3600531089795,YFR10098,B2458801,12
A90,2025-13,3600531089795,YFR10098,B2458801,16
A90,2025-14,3600531089795,YFR10098,B2458801,12
A90,2025-15,3600531089795,YFR10098,B2458801,16
A90,2025-16,3600531089795,YFR10098,B2458801,8
A90,2025-17,3600531089795,YFR10098,B2458801,4
A90,2025-18,3600531089795,YFR10098,B2458801,8
A90,2024-23,800897085605,K2387705,K2387700,13
A90,2024-24,800897085605,K2387705,K2387700,10
A90,2024-25,800897085605,K2387705,K2387700,15
A90,2024-26,800897085605,K2387705,K2387700,32
A90,2024-27,800897085605,K2387705,K2387700,34
A90,2024-28,800897085605,K2387705,K2387700,21
A90,2024-29,800897085605,K2387705,K2387700,19
A90,2024-30,800897085605,K2387705,K2387700,17
A90,2024-31,800897085605,K2387705,K2387700,11
A90,2024-32,800897085605,K2387705,K2387700,9
A90,2024-33,800897085605,K2387705,K2387700,7
A90,2024-34,800897085605,K2387705,K2387700,45
A90,2024-35,800897085605,K2387705,K2387700,13
A90,2024-36,800897085605,K2387705,K2387700,10
A90,2024-37,800897085605,K2387705,K2387700,9
A90,2024-38,800897085605,K2387705,K2387700,5
A90,2024-39,800897085605,K2387705,K2387700,9
A90,2024-40,800897085605,K2387705,K2387700,14
A90,2024-41,800897085605,K2387705,K2387700,10
A90,2024-42,800897085605,K2387705,K2387700,21
A90,2024-43,800897085605,K2387705,K2387700,26
A90,2024-44,800897085605,K2387705,K2387700,32
A90,2024-45,800897085605,K2387705,K2387700,9
A90,2024-46,800897085605,K2387705,K2387700,18
A90,2024-47,800897085605,K2387705,K2387700,23
A90,2024-48,800897085605,K2387705,K2387700,66
A90,2024-49,800897085605,K2387705,K2387700,17
A90,2024-50,800897085605,K2387705,K2387700,19
A90,2024-51,800897085605,K2387705,K2387700,22
A90,2024-52,800897085605,K2387705,K2387700,37
A90,2024-53,800897085605,K2387705,K2387700,5
A90,2025-00,800897085605,K2387705,K2387700,9
A90,2025-01,800897085605,K2387705,K2387700,19
A90,2025-02,800897085605,K2387705,K2387700,46
A90,2025-03,800897085605,K2387705,K2387700,11
A90,2025-04,800897085605,K2387705,K2387700,20
A90,2025-05,800897085605,K2387705,K2387700,15
A90,2025-06,800897085605,K2387705,K2387700,8
A90,2025-07,800897085605,K2387705,K2387700,8
A90,2025-08,800897085605,K2387705,K2387700,15
A90,2025-09,800897085605,K2387705,K2387700,8
A90,2025-10,800897085605,K2387705,K2387700,7
A90,2025-11,800897085605,K2387705,K2387700,4
A90,2025-12,800897085605,K2387705,K2387700,10
A90,2025-13,800897085605,K2387705,K2387700,8
A90,2025-14,800897085605,K2387705,K2387700,10
A90,2025-15,800897085605,K2387705,K2387700,14
A90,2025-16,800897085605,K2387705,K2387700,18
A90,2025-17,800897085605,K2387705,K2387700,14
A90,2025-18,800897085605,K2387705,K2387700,14
A90,2025-19,800897085605,K2387705,K2387700,2
A90,2024-19,800897123277,K4009608,K4009600,11
A90,2024-20,800897123277,K4009608,K4009600,3
A90,2024-21,800897123277,K4009608,K4009600,8
A90,2024-22,800897123277,K4009608,K4009600,5
A90,2024-23,800897123277,K4009608,K4009600,11
A90,2024-24,800897123277,K4009608,K4009600,8
A90,2024-25,800897123277,K4009608,K4009600,8
A90,2024-26,800897123277,K4009608,K4009600,17
A90,2024-27,800897123277,K4009608,K4009600,22
A90,2024-28,800897123277,K4009608,K4009600,3
A90,2024-29,800897123277,K4009608,K4009600,7
A90,2024-30,800897123277,K4009608,K4009600,8
A90,2024-31,800897123277,K4009608,K4009600,4
A90,2024-32,800897123277,K4009608,K4009600,8
A90,2024-33,800897123277,K4009608,K4009600,8
A90,2024-34,800897123277,K4009608,K4009600,26
A90,2024-35,800897123277,K4009608,K4009600,9
A90,2024-36,800897123277,K4009608,K4009600,3
A90,2024-37,800897123277,K4009608,K4009600,2
A90,2024-38,800897123277,K4009608,K4009600,6
A90,2024-39,800897123277,K4009608,K4009600,3
A90,2024-40,800897123277,K4009608,K4009600,3
A90,2024-41,800897123277,K4009608,K4009600,6
A90,2024-42,800897123277,K4009608,K4009600,5
A90,2024-43,800897123277,K4009608,K4009600,10
A90,2024-44,800897123277,K4009608,K4009600,1
A90,2024-50,800897123277,K4009608,K4009600,2
A90,2024-51,800897123277,K4009608,K4009600,2
A90,2024-52,800897123277,K4009608,K4009600,1
A90,2025-00,800897123277,K4009608,K4009600,3
A90,2025-01,800897123277,K4009608,K4009600,5
A90,2025-02,800897123277,K4009608,K4009600,1
A90,2025-07,800897123277,K4009608,K4009600,1
A90,2025-13,800897123277,K4009608,K4009600,2
A90,2025-14,800897123277,K4009608,K4009600,1
A90,2025-15,800897123277,K4009608,K4009600,1
A90,2025-17,800897123277,K4009608,K4009600,1
A90,2025-18,800897123277,K4009608,K4009600,5
A90,2024-18,800897182618,K3445202,K3445200,3
A90,2024-19,800897182618,K3445202,K3445200,16
A90,2024-20,800897182618,K3445202,K3445200,2
A90,2024-21,800897182618,K3445202,K3445200,1
A90,2024-22,800897182618,K3445202,K3445200,2
A90,2024-23,800897182618,K3445202,K3445200,5
A90,2024-24,800897182618,K3445202,K3445200,6
A90,2024-25,800897182618,K3445202,K3445200,6
A90,2024-26,800897182618,K3445202,K3445200,18
A90,2024-27,800897182618,K3445202,K3445200,34
A90,2024-28,800897182618,K3445202,K3445200,17
A90,2024-29,800897182618,K3445202,K3445200,11
A90,2024-30,800897182618,K3445202,K3445200,8
A90,2024-31,800897182618,K3445202,K3445200,8
A90,2024-32,800897182618,K3445202,K3445200,7
A90,2024-33,800897182618,K3445202,K3445200,14
A90,2024-34,800897182618,K3445202,K3445200,14
A90,2024-35,800897182618,K3445202,K3445200,1
A90,2024-36,800897182618,K3445202,K3445200,4
A90,2024-37,800897182618,K3445202,K3445200,5
A90,2024-38,800897182618,K3445202,K3445200,2
A90,2024-39,800897182618,K3445202,K3445200,2
A90,2024-40,800897182618,K3445202,K3445200,2
A90,2024-41,800897182618,K3445202,K3445200,5
A90,2024-42,800897182618,K3445202,K3445200,3
A90,2024-43,800897182618,K3445202,K3445200,5
A90,2024-44,800897182618,K3445202,K3445200,11
A90,2024-45,800897182618,K3445202,K3445200,4
A90,2024-46,800897182618,K3445202,K3445200,1
A90,2024-47,800897182618,K3445202,K3445200,1
A90,2024-18,800897192303,K3611201,K3611200,4
A90,2024-19,800897192303,K3611201,K3611200,11
A90,2024-20,800897192303,K3611201,K3611200,3
A90,2024-21,800897192303,K3611201,K3611200,3
A90,2024-22,800897192303,K3611201,K3611200,5
A90,2024-23,800897192303,K3611201,K3611200,5
A90,2024-24,800897192303,K3611201,K3611200,6
A90,2024-25,800897192303,K3611201,K3611200,10
A90,2024-26,800897192303,K3611201,K3611200,20
A90,2024-27,800897192303,K3611201,K3611200,24
A90,2024-28,800897192303,K3611201,K3611200,12
A90,2024-29,800897192303,K3611201,K3611200,12
A90,2024-30,800897192303,K3611201,K3611200,6
A90,2024-31,800897192303,K3611201,K3611200,1
A90,2024-32,800897192303,K3611201,K3611200,10
A90,2024-33,800897192303,K3611201,K3611200,5
A90,2024-34,800897192303,K3611201,K3611200,13
A90,2024-35,800897192303,K3611201,K3611200,4
A90,2024-36,800897192303,K3611201,K3611200,7
A90,2024-37,800897192303,K3611201,K3611200,7
A90,2024-38,800897192303,K3611201,K3611200,1
A90,2024-39,800897192303,K3611201,K3611200,3
A90,2024-40,800897192303,K3611201,K3611200,5
A90,2024-41,800897192303,K3611201,K3611200,6
A90,2024-42,800897192303,K3611201,K3611200,8
A90,2024-43,800897192303,K3611201,K3611200,4
A90,2024-44,800897192303,K3611201,K3611200,7
A90,2024-45,800897192303,K3611201,K3611200,2
A90,2024-46,800897192303,K3611201,K3611200,3
A90,2024-47,800897192303,K3611201,K3611200,10
A90,2024-48,800897192303,K3611201,K3611200,22
A90,2024-49,800897192303,K3611201,K3611200,6
A90,2024-50,800897192303,K3611201,K3611200,8
A90,2024-51,800897192303,K3611201,K3611200,2
A90,2024-52,800897192303,K3611201,K3611200,14
A90,2024-53,800897192303,K3611201,K3611200,4
A90,2025-00,800897192303,K3611201,K3611200,5
A90,2025-01,800897192303,K3611201,K3611200,8
A90,2025-02,800897192303,K3611201,K3611200,5
A90,2025-03,800897192303,K3611201,K3611200,1
A90,2024-18,800897225254,K5230200,K5230200,1
A90,2024-19,800897225254,K5230200,K5230200,5
A90,2024-20,800897225254,K5230200,K5230200,1
A90,2024-21,800897225254,K5230200,K5230200,1
A90,2024-22,800897225254,K5230200,K5230200,1
A90,2024-23,800897225254,K5230200,K5230200,1
A90,2024-24,800897225254,K5230200,K5230200,3
A90,2024-26,800897225254,K5230200,K5230200,4
A90,2024-27,800897225254,K5230200,K5230200,2
A90,2024-28,800897225254,K5230200,K5230200,3
A90,2024-31,800897225254,K5230200,K5230200,1
A90,2024-36,800897225254,K5230200,K5230200,2
A90,2024-37,800897225254,K5230200,K5230200,1
A90,2024-38,800897225254,K5230200,K5230200,3
A90,2024-39,800897225254,K5230200,K5230200,1
A90,2024-40,800897225254,K5230200,K5230200,1
A90,2024-41,800897225254,K5230200,K5230200,1
A90,2024-42,800897225254,K5230200,K5230200,4
A90,2024-43,800897225254,K5230200,K5230200,5
A90,2024-44,800897225254,K5230200,K5230200,2
A90,2024-45,800897225254,K5230200,K5230200,1
A90,2025-03,800897225254,K5230200,K5230200,1
A90,2025-05,800897225254,K5230200,K5230200,1
A90,2025-07,800897225254,K5230200,K5230200,3
A90,2025-08,800897225254,K5230200,K5230200,4
A90,2025-09,800897225254,K5230200,K5230200,2
A90,2025-12,800897225254,K5230200,K5230200,2
A90,2025-13,800897225254,K5230200,K5230200,2
A90,2025-15,800897225254,K5230200,K5230200,3
A90,2025-16,800897225254,K5230200,K5230200,2
A90,2025-17,800897225254,K5230200,K5230200,7
A90,2025-18,800897225254,K5230200,K5230200,11
A90,2025-19,800897225254,K5230200,K5230200,1
A90,2024-18,800897846008,K4262104,K4262100,26
A90,2024-19,800897846008,K4262104,K4262100,27
A90,2024-20,800897846008,K4262104,K4262100,12
A90,2024-21,800897846008,K4262104,K4262100,14
A90,2024-22,800897846008,K4262104,K4262100,10
A90,2024-23,800897846008,K4262104,K4262100,24
A90,2024-24,800897846008,K4262104,K4262100,29
A90,2024-25,800897846008,K4262104,K4262100,13
A90,2024-26,800897846008,K4262104,K4262100,81
A90,2024-27,800897846008,K4262104,K4262100,82
A90,2024-28,800897846008,K4262104,K4262100,61
A90,2024-29,800897846008,K4262104,K4262100,41
A90,2024-30,800897846008,K4262104,K4262100,36
A90,2024-31,800897846008,K4262104,K4262100,27
A90,2024-32,800897846008,K4262104,K4262100,35
A90,2024-33,800897846008,K4262104,K4262100,35
A90,2024-34,800897846008,K4262104,K4262100,48
A90,2024-35,800897846008,K4262104,K4262100,15
A90,2024-36,800897846008,K4262104,K4262100,6
A90,2024-37,800897846008,K4262104,K4262100,15
A90,2024-38,800897846008,K4262104,K4262100,6
A90,2024-39,800897846008,K4262104,K4262100,5
A90,2024-40,800897846008,K4262104,K4262100,9
A90,2024-41,800897846008,K4262104,K4262100,7
A90,2024-42,800897846008,K4262104,K4262100,9
A90,2024-43,800897846008,K4262104,K4262100,14
A90,2024-44,800897846008,K4262104,K4262100,23
A90,2024-45,800897846008,K4262104,K4262100,7
A90,2024-46,800897846008,K4262104,K4262100,10
A90,2024-47,800897846008,K4262104,K4262100,6
A90,2024-48,800897846008,K4262104,K4262100,15
A90,2024-49,800897846008,K4262104,K4262100,1
A90,2024-50,800897846008,K4262104,K4262100,8
A90,2024-51,800897846008,K4262104,K4262100,2
A90,2024-52,800897846008,K4262104,K4262100,10
A90,2024-53,800897846008,K4262104,K4262100,3
A90,2025-00,800897846008,K4262104,K4262100,1
A90,2025-01,800897846008,K4262104,K4262100,18
A90,2025-02,800897846008,K4262104,K4262100,8
A90,2025-03,800897846008,K4262104,K4262100,2
A90,2025-04,800897846008,K4262104,K4262100,6
A90,2025-05,800897846008,K4262104,K4262100,2
A90,2025-06,800897846008,K4262104,K4262100,2
A90,2025-07,800897846008,K4262104,K4262100,3
A90,2025-08,800897846008,K4262104,K4262100,9
A90,2025-09,800897846008,K4262104,K4262100,2
A90,2025-10,800897846008,K4262104,K4262100,2
A90,2025-11,800897846008,K4262104,K4262100,3
A90,2025-12,800897846008,K4262104,K4262100,8
A90,2025-13,800897846008,K4262104,K4262100,7
A90,2025-14,800897846008,K4262104,K4262100,4
A90,2025-15,800897846008,K4262104,K4262100,11
A90,2025-16,800897846008,K4262104,K4262100,8
A90,2025-17,800897846008,K4262104,K4262100,3
A90,2025-18,800897846008,K4262104,K4262100,18
B10,2024-18,30152540,AA533100,AA532800,8
B10,2024-19,30152540,AA533100,AA532800,20
B10,2024-20,30152540,AA533100,AA532800,13
B10,2024-21,30152540,AA533100,AA532800,8
B10,2024-22,30152540,AA533100,AA532800,8
B10,2024-23,30152540,AA533100,AA532800,7
B10,2024-24,30152540,AA533100,AA532800,3
B10,2024-25,30152540,AA533100,AA532800,11
B10,2024-26,30152540,AA533100,AA532800,8
B10,2024-27,30152540,AA533100,AA532800,16
B10,2024-28,30152540,AA533100,AA532800,6
B10,2024-29,30152540,AA533100,AA532800,8
B10,2024-30,30152540,AA533100,AA532800,4
B10,2024-31,30152540,AA533100,AA532800,8
B10,2024-32,30152540,AA533100,AA532800,3
B10,2024-33,30152540,AA533100,AA532800,6
B10,2024-34,30152540,AA533100,AA532800,4
B10,2024-35,30152540,AA533100,AA532800,10
B10,2024-36,30152540,AA533100,AA532800,38
B10,2024-37,30152540,AA533100,AA532800,5
B10,2024-38,30152540,AA533100,AA532800,10
B10,2024-39,30152540,AA533100,AA532800,6
B10,2024-40,30152540,AA533100,AA532800,14
B10,2024-41,30152540,AA533100,AA532800,3
B10,2024-42,30152540,AA533100,AA532800,5
B10,2024-43,30152540,AA533100,AA532800,9
B10,2024-44,30152540,AA533100,AA532800,20
B10,2024-45,30152540,AA533100,AA532800,4
B10,2024-46,30152540,AA533100,AA532800,6
B10,2024-47,30152540,AA533100,AA532800,44
B10,2024-48,30152540,AA533100,AA532800,48
B10,2024-49,30152540,AA533100,AA532800,4
B10,2024-50,30152540,AA533100,AA532800,4
B10,2024-51,30152540,AA533100,AA532800,12
B10,2024-52,30152540,AA533100,AA532800,7
B10,2025-00,30152540,AA533100,AA532800,7
B10,2025-01,30152540,AA533100,AA532800,11
B10,2025-02,30152540,AA533100,AA532800,7
B10,2025-03,30152540,AA533100,AA532800,10
B10,2025-04,30152540,AA533100,AA532800,4
B10,2025-05,30152540,AA533100,AA532800,6
B10,2025-06,30152540,AA533100,AA532800,6
B10,2025-07,30152540,AA533100,AA532800,6
B10,2025-08,30152540,AA533100,AA532800,5
B10,2025-09,30152540,AA533100,AA532800,1
B10,2025-10,30152540,AA533100,AA532800,3
B10,2025-11,30152540,AA533100,AA532800,11
B10,2025-12,30152540,AA533100,AA532800,6
B10,2025-13,30152540,AA533100,AA532800,8
B10,2025-14,30152540,AA533100,AA532800,9
B10,2025-15,30152540,AA533100,AA532800,7
B10,2025-16,30152540,AA533100,AA532800,3
B10,2025-17,30152540,AA533100,AA532800,4
B10,2025-18,30152540,AA533100,AA532800,6
B10,2024-49,30161467,B3471101,B3471100,3
B10,2024-50,30161467,B3471101,B3471100,4
B10,2025-05,30161467,B3471101,B3471100,3
B10,2025-06,30161467,B3471101,B3471100,7
B10,2025-07,30161467,B3471101,B3471100,1
B10,2025-08,30161467,B3471101,B3471100,1
B10,2025-09,30161467,B3471101,B3471100,18
B10,2025-10,30161467,B3471101,B3471100,13
B10,2025-11,30161467,B3471101,B3471100,7
B10,2025-12,30161467,B3471101,B3471100,2
B10,2025-13,30161467,B3471101,B3471100,6
B10,2025-15,30161467,B3471101,B3471100,17
B10,2025-16,30161467,B3471101,B3471100,16
B10,2025-17,30161467,B3471101,B3471100,8
B10,2025-18,30161467,B3471101,B3471100,3
B10,2024-18,3600530847914,B2118802,B2118800,2
B10,2024-19,3600530847914,B2118802,B2118800,11
B10,2024-20,3600530847914,B2118802,B2118800,5
B10,2024-21,3600530847914,B2118802,B2118800,6
B10,2024-22,3600530847914,B2118802,B2118800,8
B10,2024-23,3600530847914,B2118802,B2118800,6
B10,2024-24,3600530847914,B2118802,B2118800,21
B10,2024-25,3600530847914,B2118802,B2118800,10
B10,2024-26,3600530847914,B2118802,B2118800,38
B10,2024-27,3600530847914,B2118802,B2118800,67
B10,2024-28,3600530847914,B2118802,B2118800,46
B10,2024-29,3600530847914,B2118802,B2118800,29
B10,2024-30,3600530847914,B2118802,B2118800,6
B10,2024-31,3600530847914,B2118802,B2118800,1
B10,2024-32,3600530847914,B2118802,B2118800,1
B10,2024-33,3600530847914,B2118802,B2118800,6
B10,2024-34,3600530847914,B2118802,B2118800,9
B10,2024-35,3600530847914,B2118802,B2118800,7
B10,2024-36,3600530847914,B2118802,B2118800,10
B10,2024-37,3600530847914,B2118802,B2118800,3
B10,2024-38,3600530847914,B2118802,B2118800,5
B10,2024-39,3600530847914,B2118802,B2118800,4
B10,2024-40,3600530847914,B2118802,B2118800,9
B10,2024-41,3600530847914,B2118802,B2118800,2
B10,2024-42,3600530847914,B2118802,B2118800,4
B10,2024-43,3600530847914,B2118802,B2118800,7
B10,2024-44,3600530847914,B2118802,B2118800,21
B10,2024-45,3600530847914,B2118802,B2118800,10
B10,2024-46,3600530847914,B2118802,B2118800,4
B10,2024-47,3600530847914,B2118802,B2118800,20
B10,2024-48,3600530847914,B2118802,B2118800,38
B10,2024-49,3600530847914,B2118802,B2118800,18
B10,2024-50,3600530847914,B2118802,B2118800,9
B10,2024-51,3600530847914,B2118802,B2118800,4
B10,2024-52,3600530847914,B2118802,B2118800,3
B10,2024-53,3600530847914,B2118802,B2118800,1
B10,2025-00,3600530847914,B2118802,B2118800,12
B10,2025-01,3600530847914,B2118802,B2118800,36
B10,2025-02,3600530847914,B2118802,B2118800,47
B10,2025-03,3600530847914,B2118802,B2118800,24
B10,2025-04,3600530847914,B2118802,B2118800,19
B10,2025-05,3600530847914,B2118802,B2118800,8
B10,2025-06,3600530847914,B2118802,B2118800,6
B10,2025-07,3600530847914,B2118802,B2118800,11
B10,2025-08,3600530847914,B2118802,B2118800,6
B10,2025-09,3600530847914,B2118802,B2118800,5
B10,2025-10,3600530847914,B2118802,B2118800,5
B10,2025-11,3600530847914,B2118802,B2118800,7
B10,2025-12,3600530847914,B2118802,B2118800,11
B10,2025-13,3600530847914,B2118802,B2118800,5
B10,2025-14,3600530847914,B2118802,B2118800,7
B10,2025-15,3600530847914,B2118802,B2118800,11
B10,2025-16,3600530847914,B2118802,B2118800,11
B10,2025-17,3600530847914,B2118802,B2118800,5
B10,2025-18,3600530847914,B2118802,B2118800,2
B10,2024-18,3600531089795,YFR10098,B2458801,10
B10,2024-19,3600531089795,YFR10098,B2458801,3
B10,2024-21,3600531089795,YFR10098,B2458801,11
B10,2024-22,3600531089795,YFR10098,B2458801,4
B10,2024-23,3600531089795,YFR10098,B2458801,9
B10,2024-24,3600531089795,YFR10098,B2458801,14
B10,2024-25,3600531089795,YFR10098,B2458801,7
B10,2024-26,3600531089795,YFR10098,B2458801,31
B10,2024-27,3600531089795,YFR10098,B2458801,36
B10,2024-28,3600531089795,YFR10098,B2458801,19
B10,2024-29,3600531089795,YFR10098,B2458801,10
B10,2024-30,3600531089795,YFR10098,B2458801,12
B10,2024-31,3600531089795,YFR10098,B2458801,3
B10,2024-32,3600531089795,YFR10098,B2458801,2
B10,2024-33,3600531089795,YFR10098,B2458801,3
B10,2024-36,3600531089795,YFR10098,B2458801,1
B10,2024-38,3600531089795,YFR10098,B2458801,3
B10,2024-39,3600531089795,YFR10098,B2458801,2
B10,2024-41,3600531089795,YFR10098,B2458801,1
B10,2024-42,3600531089795,YFR10098,B2458801,2
B10,2024-43,3600531089795,YFR10098,B2458801,5
B10,2024-44,3600531089795,YFR10098,B2458801,2
B10,2024-45,3600531089795,YFR10098,B2458801,14
B10,2024-46,3600531089795,YFR10098,B2458801,5
B10,2024-47,3600531089795,YFR10098,B2458801,37
B10,2024-48,3600531089795,YFR10098,B2458801,56
B10,2024-49,3600531089795,YFR10098,B2458801,16
B10,2024-50,3600531089795,YFR10098,B2458801,4
B10,2024-51,3600531089795,YFR10098,B2458801,22
B10,2024-52,3600531089795,YFR10098,B2458801,17
B10,2024-53,3600531089795,YFR10098,B2458801,2
B10,2025-00,3600531089795,YFR10098,B2458801,5
B10,2025-01,3600531089795,YFR10098,B2458801,28
B10,2025-02,3600531089795,YFR10098,B2458801,21
B10,2025-03,3600531089795,YFR10098,B2458801,16
B10,2025-04,3600531089795,YFR10098,B2458801,27
B10,2025-05,3600531089795,YFR10098,B2458801,7
B10,2025-06,3600531089795,YFR10098,B2458801,2
B10,2025-07,3600531089795,YFR10098,B2458801,2
B10,2025-08,3600531089795,YFR10098,B2458801,2
B10,2025-09,3600531089795,YFR10098,B2458801,1
B10,2025-11,3600531089795,YFR10098,B2458801,5
B10,2025-12,3600531089795,YFR10098,B2458801,2
B10,2025-13,3600531089795,YFR10098,B2458801,7
B10,2025-14,3600531089795,YFR10098,B2458801,11
B10,2025-15,3600531089795,YFR10098,B2458801,8
B10,2025-16,3600531089795,YFR10098,B2458801,8
B10,2025-17,3600531089795,YFR10098,B2458801,1
B10,2025-18,3600531089795,YFR10098,B2458801,9
B10,2024-23,800897085605,K2387705,K2387700,15
B10,2024-24,800897085605,K2387705,K2387700,16
B10,2024-25,800897085605,K2387705,K2387700,27
B10,2024-26,800897085605,K2387705,K2387700,62
B10,2024-27,800897085605,K2387705,K2387700,47
B10,2024-28,800897085605,K2387705,K2387700,45
B10,2024-29,800897085605,K2387705,K2387700,24
B10,2024-30,800897085605,K2387705,K2387700,20
B10,2024-31,800897085605,K2387705,K2387700,11
B10,2024-32,800897085605,K2387705,K2387700,14
B10,2024-33,800897085605,K2387705,K2387700,22
B10,2024-34,800897085605,K2387705,K2387700,14
B10,2024-35,800897085605,K2387705,K2387700,7
B10,2024-36,800897085605,K2387705,K2387700,11
B10,2024-37,800897085605,K2387705,K2387700,21
B10,2024-38,800897085605,K2387705,K2387700,17
B10,2024-39,800897085605,K2387705,K2387700,16
B10,2024-40,800897085605,K2387705,K2387700,18
B10,2024-41,800897085605,K2387705,K2387700,15
B10,2024-42,800897085605,K2387705,K2387700,15
B10,2024-43,800897085605,K2387705,K2387700,22
B10,2024-44,800897085605,K2387705,K2387700,20
B10,2024-45,800897085605,K2387705,K2387700,14
B10,2024-46,800897085605,K2387705,K2387700,3
B10,2024-47,800897085605,K2387705,K2387700,48
B10,2024-48,800897085605,K2387705,K2387700,80
B10,2024-49,800897085605,K2387705,K2387700,14
B10,2024-50,800897085605,K2387705,K2387700,10
B10,2024-51,800897085605,K2387705,K2387700,19
B10,2024-52,800897085605,K2387705,K2387700,21
B10,2024-53,800897085605,K2387705,K2387700,9
B10,2025-00,800897085605,K2387705,K2387700,16
B10,2025-01,800897085605,K2387705,K2387700,25
B10,2025-02,800897085605,K2387705,K2387700,36
B10,2025-03,800897085605,K2387705,K2387700,29
B10,2025-04,800897085605,K2387705,K2387700,22
B10,2025-05,800897085605,K2387705,K2387700,12
B10,2025-06,800897085605,K2387705,K2387700,10
B10,2025-07,800897085605,K2387705,K2387700,19
B10,2025-08,800897085605,K2387705,K2387700,16
B10,2025-09,800897085605,K2387705,K2387700,30
B10,2025-10,800897085605,K2387705,K2387700,18
B10,2025-11,800897085605,K2387705,K2387700,17
B10,2025-12,800897085605,K2387705,K2387700,20
B10,2025-13,800897085605,K2387705,K2387700,17
B10,2025-14,800897085605,K2387705,K2387700,29
B10,2025-15,800897085605,K2387705,K2387700,14
B10,2025-16,800897085605,K2387705,K2387700,30
B10,2025-17,800897085605,K2387705,K2387700,22
B10,2025-18,800897085605,K2387705,K2387700,13
B10,2024-18,800897123277,K4009608,K4009600,3
B10,2024-19,800897123277,K4009608,K4009600,2
B10,2024-20,800897123277,K4009608,K4009600,2
B10,2024-21,800897123277,K4009608,K4009600,8
B10,2024-22,800897123277,K4009608,K4009600,6
B10,2024-23,800897123277,K4009608,K4009600,6
B10,2024-24,800897123277,K4009608,K4009600,7
B10,2024-26,800897123277,K4009608,K4009600,11
B10,2024-27,800897123277,K4009608,K4009600,8
B10,2024-28,800897123277,K4009608,K4009600,14
B10,2024-29,800897123277,K4009608,K4009600,4
B10,2024-30,800897123277,K4009608,K4009600,2
B10,2024-31,800897123277,K4009608,K4009600,2
B10,2024-32,800897123277,K4009608,K4009600,1
B10,2024-33,800897123277,K4009608,K4009600,1
B10,2024-45,800897123277,K4009608,K4009600,1
B10,2024-47,800897123277,K4009608,K4009600,7
B10,2024-48,800897123277,K4009608,K4009600,10
B10,2024-49,800897123277,K4009608,K4009600,3
B10,2024-50,800897123277,K4009608,K4009600,4
B10,2024-51,800897123277,K4009608,K4009600,3
B10,2024-52,800897123277,K4009608,K4009600,6
B10,2024-53,800897123277,K4009608,K4009600,1
B10,2025-00,800897123277,K4009608,K4009600,2
B10,2025-01,800897123277,K4009608,K4009600,9
B10,2025-02,800897123277,K4009608,K4009600,2
B10,2025-04,800897123277,K4009608,K4009600,2
B10,2025-06,800897123277,K4009608,K4009600,1
B10,2024-18,800897182618,K3445202,K3445200,8
B10,2024-19,800897182618,K3445202,K3445200,4
B10,2024-20,800897182618,K3445202,K3445200,5
B10,2024-21,800897182618,K3445202,K3445200,4
B10,2024-22,800897182618,K3445202,K3445200,9
B10,2024-23,800897182618,K3445202,K3445200,7
B10,2024-24,800897182618,K3445202,K3445200,7
B10,2024-25,800897182618,K3445202,K3445200,7
B10,2024-26,800897182618,K3445202,K3445200,18
B10,2024-27,800897182618,K3445202,K3445200,29
B10,2024-28,800897182618,K3445202,K3445200,15
B10,2024-29,800897182618,K3445202,K3445200,15
B10,2024-30,800897182618,K3445202,K3445200,12
B10,2024-31,800897182618,K3445202,K3445200,2
B10,2024-32,800897182618,K3445202,K3445200,2
B10,2024-33,800897182618,K3445202,K3445200,4
B10,2024-34,800897182618,K3445202,K3445200,1
B10,2024-35,800897182618,K3445202,K3445200,5
B10,2024-36,800897182618,K3445202,K3445200,2
B10,2024-37,800897182618,K3445202,K3445200,7
B10,2024-38,800897182618,K3445202,K3445200,5
B10,2024-39,800897182618,K3445202,K3445200,8
B10,2024-40,800897182618,K3445202,K3445200,7
B10,2024-41,800897182618,K3445202,K3445200,6
B10,2024-42,800897182618,K3445202,K3445200,6
B10,2024-45,800897182618,K3445202,K3445200,3
B10,2024-46,800897182618,K3445202,K3445200,3
B10,2024-47,800897182618,K3445202,K3445200,21
B10,2024-48,800897182618,K3445202,K3445200,20
B10,2024-49,800897182618,K3445202,K3445200,10
B10,2024-50,800897182618,K3445202,K3445200,2
B10,2024-51,800897182618,K3445202,K3445200,1
B10,2024-52,800897182618,K3445202,K3445200,2
B10,2024-53,800897182618,K3445202,K3445200,1
B10,2025-00,800897182618,K3445202,K3445200,3
B10,2025-01,800897182618,K3445202,K3445200,8
B10,2025-02,800897182618,K3445202,K3445200,17
B10,2025-03,800897182618,K3445202,K3445200,3
B10,2025-04,800897182618,K3445202,K3445200,4
B10,2025-05,800897182618,K3445202,K3445200,1
B10,2025-06,800897182618,K3445202,K3445200,5
B10,2025-07,800897182618,K3445202,K3445200,3
B10,2025-10,800897182618,K3445202,K3445200,2
B10,2025-13,800897182618,K3445202,K3445200,3
B10,2025-14,800897182618,K3445202,K3445200,4
B10,2025-15,800897182618,K3445202,K3445200,15
B10,2025-16,800897182618,K3445202,K3445200,6
B10,2025-17,800897182618,K3445202,K3445200,1
B10,2025-18,800897182618,K3445202,K3445200,3
B10,2024-18,800897192303,K3611201,K3611200,8
B10,2024-19,800897192303,K3611201,K3611200,16
B10,2024-20,800897192303,K3611201,K3611200,13
B10,2024-21,800897192303,K3611201,K3611200,5
B10,2024-22,800897192303,K3611201,K3611200,6
B10,2024-23,800897192303,K3611201,K3611200,6
B10,2024-24,800897192303,K3611201,K3611200,7
B10,2024-25,800897192303,K3611201,K3611200,21
B10,2024-26,800897192303,K3611201,K3611200,34
B10,2024-27,800897192303,K3611201,K3611200,17
B10,2024-28,800897192303,K3611201,K3611200,11
B10,2024-29,800897192303,K3611201,K3611200,10
B10,2024-30,800897192303,K3611201,K3611200,6
B10,2024-31,800897192303,K3611201,K3611200,2
B10,2024-32,800897192303,K3611201,K3611200,1
B10,2024-33,800897192303,K3611201,K3611200,6
B10,2024-34,800897192303,K3611201,K3611200,1
B10,2024-35,800897192303,K3611201,K3611200,4
B10,2024-36,800897192303,K3611201,K3611200,9
B10,2024-37,800897192303,K3611201,K3611200,9
B10,2024-38,800897192303,K3611201,K3611200,9
B10,2024-39,800897192303,K3611201,K3611200,4
B10,2024-40,800897192303,K3611201,K3611200,5
B10,2024-41,800897192303,K3611201,K3611200,4
B10,2024-42,800897192303,K3611201,K3611200,3
B10,2024-43,800897192303,K3611201,K3611200,3
B10,2024-44,800897192303,K3611201,K3611200,8
B10,2024-45,800897192303,K3611201,K3611200,3
B10,2024-46,800897192303,K3611201,K3611200,9
B10,2024-47,800897192303,K3611201,K3611200,13
B10,2024-48,800897192303,K3611201,K3611200,45
B10,2024-49,800897192303,K3611201,K3611200,9
B10,2024-50,800897192303,K3611201,K3611200,7
B10,2024-51,800897192303,K3611201,K3611200,5
B10,2024-52,800897192303,K3611201,K3611200,3
B10,2024-18,800897225254,K5230200,K5230200,1
B10,2024-19,800897225254,K5230200,K5230200,4
B10,2024-20,800897225254,K5230200,K5230200,5
B10,2024-21,800897225254,K5230200,K5230200,1
B10,2024-22,800897225254,K5230200,K5230200,5
B10,2024-23,800897225254,K5230200,K5230200,3
B10,2024-24,800897225254,K5230200,K5230200,6
B10,2024-25,800897225254,K5230200,K5230200,3
B10,2024-26,800897225254,K5230200,K5230200,5
B10,2024-27,800897225254,K5230200,K5230200,17
B10,2024-28,800897225254,K5230200,K5230200,5
B10,2024-29,800897225254,K5230200,K5230200,9
B10,2024-30,800897225254,K5230200,K5230200,4
B10,2024-31,800897225254,K5230200,K5230200,3
B10,2024-32,800897225254,K5230200,K5230200,3
B10,2024-33,800897225254,K5230200,K5230200,3
B10,2024-34,800897225254,K5230200,K5230200,1
B10,2024-35,800897225254,K5230200,K5230200,2
B10,2024-36,800897225254,K5230200,K5230200,3
B10,2024-37,800897225254,K5230200,K5230200,5
B10,2024-39,800897225254,K5230200,K5230200,3
B10,2024-40,800897225254,K5230200,K5230200,4
B10,2024-41,800897225254,K5230200,K5230200,1
B10,2024-42,800897225254,K5230200,K5230200,3
B10,2024-43,800897225254,K5230200,K5230200,3
B10,2024-44,800897225254,K5230200,K5230200,3
B10,2024-45,800897225254,K5230200,K5230200,2
B10,2024-46,800897225254,K5230200,K5230200,6
B10,2024-47,800897225254,K5230200,K5230200,8
B10,2024-48,800897225254,K5230200,K5230200,24
B10,2024-49,800897225254,K5230200,K5230200,7
B10,2024-51,800897225254,K5230200,K5230200,1
B10,2024-53,800897225254,K5230200,K5230200,1
B10,2025-00,800897225254,K5230200,K5230200,2
B10,2025-01,800897225254,K5230200,K5230200,7
B10,2025-02,800897225254,K5230200,K5230200,14
B10,2025-03,800897225254,K5230200,K5230200,10
B10,2025-04,800897225254,K5230200,K5230200,9
B10,2025-05,800897225254,K5230200,K5230200,7
B10,2025-06,800897225254,K5230200,K5230200,1
B10,2025-07,800897225254,K5230200,K5230200,2
B10,2025-08,800897225254,K5230200,K5230200,1
B10,2025-09,800897225254,K5230200,K5230200,1
B10,2025-10,800897225254,K5230200,K5230200,7
B10,2025-11,800897225254,K5230200,K5230200,3
B10,2025-12,800897225254,K5230200,K5230200,6
B10,2025-13,800897225254,K5230200,K5230200,4
B10,2025-14,800897225254,K5230200,K5230200,12
B10,2025-15,800897225254,K5230200,K5230200,9
B10,2025-16,800897225254,K5230200,K5230200,8
B10,2025-17,800897225254,K5230200,K5230200,2
B10,2025-18,800897225254,K5230200,K5230200,5
B10,2024-18,800897846008,K4262104,K4262100,26
B10,2024-19,800897846008,K4262104,K4262100,49
B10,2024-20,800897846008,K4262104,K4262100,48
B10,2024-21,800897846008,K4262104,K4262100,35
B10,2024-22,800897846008,K4262104,K4262100,43
B10,2024-23,800897846008,K4262104,K4262100,34
B10,2024-24,800897846008,K4262104,K4262100,34
B10,2024-25,800897846008,K4262104,K4262100,33
B10,2024-26,800897846008,K4262104,K4262100,55
B10,2024-27,800897846008,K4262104,K4262100,55
B10,2024-28,800897846008,K4262104,K4262100,48
B10,2024-29,800897846008,K4262104,K4262100,23
B10,2024-30,800897846008,K4262104,K4262100,18
B10,2024-31,800897846008,K4262104,K4262100,20
B10,2024-32,800897846008,K4262104,K4262100,27
B10,2024-33,800897846008,K4262104,K4262100,21
B10,2024-34,800897846008,K4262104,K4262100,11
B10,2024-35,800897846008,K4262104,K4262100,24
B10,2024-36,800897846008,K4262104,K4262100,18
B10,2024-37,800897846008,K4262104,K4262100,7
B10,2024-38,800897846008,K4262104,K4262100,26
B10,2024-39,800897846008,K4262104,K4262100,17
B10,2024-40,800897846008,K4262104,K4262100,6
B10,2024-41,800897846008,K4262104,K4262100,12
B10,2024-42,800897846008,K4262104,K4262100,4
B10,2024-43,800897846008,K4262104,K4262100,14
B10,2024-44,800897846008,K4262104,K4262100,21
B10,2024-45,800897846008,K4262104,K4262100,11
B10,2024-46,800897846008,K4262104,K4262100,12
B10,2024-47,800897846008,K4262104,K4262100,8
B10,2024-48,800897846008,K4262104,K4262100,3
B10,2024-51,800897846008,K4262104,K4262100,2
B10,2024-52,800897846008,K4262104,K4262100,3
B10,2024-53,800897846008,K4262104,K4262100,2
B10,2025-00,800897846008,K4262104,K4262100,3
B10,2025-01,800897846008,K4262104,K4262100,7
B10,2025-02,800897846008,K4262104,K4262100,13
B10,2025-03,800897846008,K4262104,K4262100,11
B10,2025-04,800897846008,K4262104,K4262100,9
B10,2025-05,800897846008,K4262104,K4262100,5
B10,2025-06,800897846008,K4262104,K4262100,12
B10,2025-07,800897846008,K4262104,K4262100,12
B10,2025-08,800897846008,K4262104,K4262100,1
B10,2025-10,800897846008,K4262104,K4262100,10
B10,2025-11,800897846008,K4262104,K4262100,30
B10,2025-12,800897846008,K4262104,K4262100,9
B10,2025-13,800897846008,K4262104,K4262100,24
B10,2025-14,800897846008,K4262104,K4262100,23
B10,2025-15,800897846008,K4262104,K4262100,29
B10,2025-16,800897846008,K4262104,K4262100,30
B10,2025-17,800897846008,K4262104,K4262100,14
B10,2025-18,800897846008,K4262104,K4262100,24
B10,2025-19,800897846008,K4262104,K4262100,2
B20,2024-18,30152540,AA533100,AA532800,36
B20,2024-19,30152540,AA533100,AA532800,60
B20,2024-20,30152540,AA533100,AA532800,13
B20,2024-21,30152540,AA533100,AA532800,11
B20,2024-22,30152540,AA533100,AA532800,6
B20,2024-23,30152540,AA533100,AA532800,20
B20,2024-24,30152540,AA533100,AA532800,16
B20,2024-25,30152540,AA533100,AA532800,11
B20,2024-26,30152540,AA533100,AA532800,24
B20,2024-27,30152540,AA533100,AA532800,13
B20,2024-28,30152540,AA533100,AA532800,9
B20,2024-29,30152540,AA533100,AA532800,7
B20,2024-30,30152540,AA533100,AA532800,3
B20,2024-31,30152540,AA533100,AA532800,9
B20,2024-32,30152540,AA533100,AA532800,6
B20,2024-33,30152540,AA533100,AA532800,4
B20,2024-34,30152540,AA533100,AA532800,6
B20,2024-35,30152540,AA533100,AA532800,386
B20,2024-36,30152540,AA533100,AA532800,74
B20,2024-37,30152540,AA533100,AA532800,20
B20,2024-38,30152540,AA533100,AA532800,20
B20,2024-39,30152540,AA533100,AA532800,18
B20,2024-40,30152540,AA533100,AA532800,22
B20,2024-41,30152540,AA533100,AA532800,17
B20,2024-42,30152540,AA533100,AA532800,18
B20,2024-43,30152540,AA533100,AA532800,14
B20,2024-44,30152540,AA533100,AA532800,48
B20,2024-45,30152540,AA533100,AA532800,22
B20,2024-46,30152540,AA533100,AA532800,12
B20,2024-47,30152540,AA533100,AA532800,50
B20,2024-48,30152540,AA533100,AA532800,73
B20,2024-49,30152540,AA533100,AA532800,25
B20,2024-50,30152540,AA533100,AA532800,17
B20,2024-51,30152540,AA533100,AA532800,19
B20,2024-52,30152540,AA533100,AA532800,9
B20,2025-02,30152540,AA533100,AA532800,7
B20,2025-03,30152540,AA533100,AA532800,18
B20,2025-04,30152540,AA533100,AA532800,16
B20,2025-05,30152540,AA533100,AA532800,14
B20,2025-06,30152540,AA533100,AA532800,9
B20,2025-07,30152540,AA533100,AA532800,13
B20,2025-08,30152540,AA533100,AA532800,7
B20,2025-09,30152540,AA533100,AA532800,4
B20,2025-10,30152540,AA533100,AA532800,6
B20,2025-11,30152540,AA533100,AA532800,8
B20,2025-12,30152540,AA533100,AA532800,7
B20,2025-13,30152540,AA533100,AA532800,18
B20,2025-14,30152540,AA533100,AA532800,25
B20,2025-15,30152540,AA533100,AA532800,1
B20,2025-16,30152540,AA533100,AA532800,1
B20,2025-17,30152540,AA533100,AA532800,4
B20,2025-18,30152540,AA533100,AA532800,5
B20,2025-19,30152540,AA533100,AA532800,1
B20,2024-18,30161467,B3471101,B3471100,9
B20,2024-19,30161467,B3471101,B3471100,13
B20,2024-20,30161467,B3471101,B3471100,5
B20,2024-21,30161467,B3471101,B3471100,6
B20,2024-22,30161467,B3471101,B3471100,6
B20,2024-23,30161467,B3471101,B3471100,9
B20,2024-24,30161467,B3471101,B3471100,8
B20,2024-25,30161467,B3471101,B3471100,8
B20,2024-26,30161467,B3471101,B3471100,14
B20,2024-27,30161467,B3471101,B3471100,9
B20,2024-28,30161467,B3471101,B3471100,2
B20,2024-30,30161467,B3471101,B3471100,2
B20,2024-31,30161467,B3471101,B3471100,17
B20,2024-32,30161467,B3471101,B3471100,16
B20,2024-33,30161467,B3471101,B3471100,8
B20,2024-39,30161467,B3471101,B3471100,9
B20,2024-40,30161467,B3471101,B3471100,8
B20,2024-41,30161467,B3471101,B3471100,9
B20,2024-42,30161467,B3471101,B3471100,10
B20,2024-43,30161467,B3471101,B3471100,14
B20,2024-44,30161467,B3471101,B3471100,8
B20,2024-49,30161467,B3471101,B3471100,4
B20,2024-50,30161467,B3471101,B3471100,15
B20,2024-51,30161467,B3471101,B3471100,11
B20,2024-52,30161467,B3471101,B3471100,20
B20,2024-53,30161467,B3471101,B3471100,2
B20,2025-00,30161467,B3471101,B3471100,12
B20,2025-01,30161467,B3471101,B3471100,115
B20,2025-02,30161467,B3471101,B3471100,134
B20,2025-03,30161467,B3471101,B3471100,2
B20,2025-04,30161467,B3471101,B3471100,44
B20,2025-05,30161467,B3471101,B3471100,13
B20,2025-06,30161467,B3471101,B3471100,7
B20,2025-07,30161467,B3471101,B3471100,27
B20,2025-08,30161467,B3471101,B3471100,11
B20,2025-09,30161467,B3471101,B3471100,2
B20,2025-10,30161467,B3471101,B3471100,5
B20,2025-11,30161467,B3471101,B3471100,13
B20,2025-12,30161467,B3471101,B3471100,16
B20,2025-13,30161467,B3471101,B3471100,8
B20,2025-14,30161467,B3471101,B3471100,4
B20,2025-15,30161467,B3471101,B3471100,14
B20,2025-16,30161467,B3471101,B3471100,20
B20,2025-17,30161467,B3471101,B3471100,38
B20,2025-18,30161467,B3471101,B3471100,29
B20,2024-18,3600530847914,B2118802,B2118800,6
B20,2024-19,3600530847914,B2118802,B2118800,16
B20,2024-20,3600530847914,B2118802,B2118800,10
B20,2024-21,3600530847914,B2118802,B2118800,6
B20,2024-22,3600530847914,B2118802,B2118800,9
B20,2024-23,3600530847914,B2118802,B2118800,14
B20,2024-24,3600530847914,B2118802,B2118800,5
B20,2024-25,3600530847914,B2118802,B2118800,7
B20,2024-26,3600530847914,B2118802,B2118800,30
B20,2024-27,3600530847914,B2118802,B2118800,39
B20,2024-28,3600530847914,B2118802,B2118800,39
B20,2024-29,3600530847914,B2118802,B2118800,42
B20,2024-30,3600530847914,B2118802,B2118800,23
B20,2024-31,3600530847914,B2118802,B2118800,12
B20,2024-32,3600530847914,B2118802,B2118800,9
B20,2024-33,3600530847914,B2118802,B2118800,8
B20,2024-34,3600530847914,B2118802,B2118800,8
B20,2024-35,3600530847914,B2118802,B2118800,22
B20,2024-36,3600530847914,B2118802,B2118800,7
B20,2024-37,3600530847914,B2118802,B2118800,10
B20,2024-38,3600530847914,B2118802,B2118800,4
B20,2024-39,3600530847914,B2118802,B2118800,1
B20,2024-40,3600530847914,B2118802,B2118800,6
B20,2024-41,3600530847914,B2118802,B2118800,4
B20,2024-42,3600530847914,B2118802,B2118800,2
B20,2024-43,3600530847914,B2118802,B2118800,8
B20,2024-44,3600530847914,B2118802,B2118800,18
B20,2024-45,3600530847914,B2118802,B2118800,9
B20,2024-46,3600530847914,B2118802,B2118800,12
B20,2024-47,3600530847914,B2118802,B2118800,53
B20,2024-48,3600530847914,B2118802,B2118800,57
B20,2024-49,3600530847914,B2118802,B2118800,16
B20,2024-50,3600530847914,B2118802,B2118800,8
B20,2024-51,3600530847914,B2118802,B2118800,17
B20,2024-52,3600530847914,B2118802,B2118800,19
B20,2024-53,3600530847914,B2118802,B2118800,2
B20,2025-00,3600530847914,B2118802,B2118800,10
B20,2025-01,3600530847914,B2118802,B2118800,55
B20,2025-02,3600530847914,B2118802,B2118800,71
B20,2025-03,3600530847914,B2118802,B2118800,62
B20,2025-04,3600530847914,B2118802,B2118800,64
B20,2025-05,3600530847914,B2118802,B2118800,21
B20,2025-06,3600530847914,B2118802,B2118800,8
B20,2025-07,3600530847914,B2118802,B2118800,32
B20,2025-08,3600530847914,B2118802,B2118800,8
B20,2025-09,3600530847914,B2118802,B2118800,8
B20,2025-10,3600530847914,B2118802,B2118800,7
B20,2025-11,3600530847914,B2118802,B2118800,8
B20,2025-15,3600530847914,B2118802,B2118800,10
B20,2025-17,3600530847914,B2118802,B2118800,2
B20,2025-18,3600530847914,B2118802,B2118800,6
B20,2024-18,3600531089795,YFR10098,B2458801,13
B20,2024-19,3600531089795,YFR10098,B2458801,7
B20,2024-20,3600531089795,YFR10098,B2458801,6
B20,2024-21,3600531089795,YFR10098,B2458801,9
B20,2024-22,3600531089795,YFR10098,B2458801,7
B20,2024-23,3600531089795,YFR10098,B2458801,8
B20,2024-24,3600531089795,YFR10098,B2458801,21
B20,2024-25,3600531089795,YFR10098,B2458801,11
B20,2024-26,3600531089795,YFR10098,B2458801,25
B20,2024-27,3600531089795,YFR10098,B2458801,12
B20,2024-28,3600531089795,YFR10098,B2458801,7
B20,2024-29,3600531089795,YFR10098,B2458801,18
B20,2024-30,3600531089795,YFR10098,B2458801,5
B20,2024-31,3600531089795,YFR10098,B2458801,3
B20,2024-33,3600531089795,YFR10098,B2458801,6
B20,2024-34,3600531089795,YFR10098,B2458801,4
B20,2024-35,3600531089795,YFR10098,B2458801,15
B20,2024-36,3600531089795,YFR10098,B2458801,5
B20,2024-37,3600531089795,YFR10098,B2458801,4
B20,2024-38,3600531089795,YFR10098,B2458801,5
B20,2024-48,3600531089795,YFR10098,B2458801,39
B20,2024-49,3600531089795,YFR10098,B2458801,11
B20,2025-01,3600531089795,YFR10098,B2458801,2
B20,2025-03,3600531089795,YFR10098,B2458801,23
B20,2025-04,3600531089795,YFR10098,B2458801,36
B20,2025-05,3600531089795,YFR10098,B2458801,5
B20,2025-14,3600531089795,YFR10098,B2458801,6
B20,2024-23,800897085605,K2387705,K2387700,7
B20,2024-24,800897085605,K2387705,K2387700,23
B20,2024-25,800897085605,K2387705,K2387700,30
B20,2024-26,800897085605,K2387705,K2387700,46
B20,2024-27,800897085605,K2387705,K2387700,46
B20,2024-28,800897085605,K2387705,K2387700,52
B20,2024-29,800897085605,K2387705,K2387700,39
B20,2024-30,800897085605,K2387705,K2387700,31
B20,2024-31,800897085605,K2387705,K2387700,39
B20,2024-32,800897085605,K2387705,K2387700,21
B20,2024-33,800897085605,K2387705,K2387700,29
B20,2024-34,800897085605,K2387705,K2387700,23
B20,2024-35,800897085605,K2387705,K2387700,47
B20,2024-36,800897085605,K2387705,K2387700,31
B20,2024-37,800897085605,K2387705,K2387700,39
B20,2024-38,800897085605,K2387705,K2387700,23
B20,2024-39,800897085605,K2387705,K2387700,25
B20,2024-40,800897085605,K2387705,K2387700,29
B20,2024-41,800897085605,K2387705,K2387700,19
B20,2024-42,800897085605,K2387705,K2387700,30
B20,2024-43,800897085605,K2387705,K2387700,45
B20,2024-44,800897085605,K2387705,K2387700,48
B20,2024-45,800897085605,K2387705,K2387700,32
B20,2024-46,800897085605,K2387705,K2387700,21
B20,2024-47,800897085605,K2387705,K2387700,65
B20,2024-48,800897085605,K2387705,K2387700,56
B20,2024-49,800897085605,K2387705,K2387700,72
B20,2024-50,800897085605,K2387705,K2387700,32
B20,2024-51,800897085605,K2387705,K2387700,25
B20,2024-52,800897085605,K2387705,K2387700,29
B20,2024-53,800897085605,K2387705,K2387700,8
B20,2025-00,800897085605,K2387705,K2387700,17
B20,2025-01,800897085605,K2387705,K2387700,26
B20,2025-02,800897085605,K2387705,K2387700,33
B20,2025-03,800897085605,K2387705,K2387700,31
B20,2025-04,800897085605,K2387705,K2387700,23
B20,2025-05,800897085605,K2387705,K2387700,15
B20,2025-06,800897085605,K2387705,K2387700,18
B20,2025-07,800897085605,K2387705,K2387700,30
B20,2025-08,800897085605,K2387705,K2387700,14
B20,2025-09,800897085605,K2387705,K2387700,10
B20,2025-10,800897085605,K2387705,K2387700,17
B20,2025-11,800897085605,K2387705,K2387700,19
B20,2025-12,800897085605,K2387705,K2387700,24
B20,2025-13,800897085605,K2387705,K2387700,21
B20,2025-14,800897085605,K2387705,K2387700,30
B20,2025-15,800897085605,K2387705,K2387700,29
B20,2025-16,800897085605,K2387705,K2387700,20
B20,2025-17,800897085605,K2387705,K2387700,14
B20,2025-18,800897085605,K2387705,K2387700,22
B20,2025-19,800897085605,K2387705,K2387700,4
B20,2024-18,800897123277,K4009608,K4009600,8
B20,2024-19,800897123277,K4009608,K4009600,17
B20,2024-20,800897123277,K4009608,K4009600,5
B20,2024-21,800897123277,K4009608,K4009600,3
B20,2024-22,800897123277,K4009608,K4009600,9
B20,2024-23,800897123277,K4009608,K4009600,11
B20,2024-24,800897123277,K4009608,K4009600,7
B20,2024-25,800897123277,K4009608,K4009600,8
B20,2024-26,800897123277,K4009608,K4009600,4
B20,2024-27,800897123277,K4009608,K4009600,18
B20,2024-28,800897123277,K4009608,K4009600,18
B20,2024-29,800897123277,K4009608,K4009600,23
B20,2024-30,800897123277,K4009608,K4009600,2
B20,2024-31,800897123277,K4009608,K4009600,1
B20,2024-32,800897123277,K4009608,K4009600,1
B20,2024-33,800897123277,K4009608,K4009600,6
B20,2024-34,800897123277,K4009608,K4009600,3
B20,2024-35,800897123277,K4009608,K4009600,13
B20,2024-36,800897123277,K4009608,K4009600,9
B20,2024-37,800897123277,K4009608,K4009600,3
B20,2024-38,800897123277,K4009608,K4009600,1
B20,2024-39,800897123277,K4009608,K4009600,3
B20,2024-40,800897123277,K4009608,K4009600,8
B20,2024-41,800897123277,K4009608,K4009600,6
B20,2024-42,800897123277,K4009608,K4009600,5
B20,2024-43,800897123277,K4009608,K4009600,4
B20,2024-44,800897123277,K4009608,K4009600,8
B20,2024-45,800897123277,K4009608,K4009600,8
B20,2024-46,800897123277,K4009608,K4009600,4
B20,2024-47,800897123277,K4009608,K4009600,8
B20,2024-48,800897123277,K4009608,K4009600,24
B20,2024-49,800897123277,K4009608,K4009600,7
B20,2024-50,800897123277,K4009608,K4009600,1
B20,2024-51,800897123277,K4009608,K4009600,2
B20,2025-04,800897123277,K4009608,K4009600,2
B20,2025-05,800897123277,K4009608,K4009600,1
B20,2025-09,800897123277,K4009608,K4009600,1
B20,2025-11,800897123277,K4009608,K4009600,1
B20,2025-13,800897123277,K4009608,K4009600,1
B20,2025-17,800897123277,K4009608,K4009600,2
B20,2025-18,800897123277,K4009608,K4009600,1
B20,2024-18,800897182618,K3445202,K3445200,5
B20,2024-19,800897182618,K3445202,K3445200,29
B20,2024-20,800897182618,K3445202,K3445200,15
B20,2024-21,800897182618,K3445202,K3445200,5
B20,2024-22,800897182618,K3445202,K3445200,2
B20,2024-23,800897182618,K3445202,K3445200,9
B20,2024-24,800897182618,K3445202,K3445200,17
B20,2024-25,800897182618,K3445202,K3445200,12
B20,2024-26,800897182618,K3445202,K3445200,36
B20,2024-27,800897182618,K3445202,K3445200,26
B20,2024-28,800897182618,K3445202,K3445200,24
B20,2024-29,800897182618,K3445202,K3445200,8
B20,2024-30,800897182618,K3445202,K3445200,9
B20,2024-31,800897182618,K3445202,K3445200,3
B20,2024-32,800897182618,K3445202,K3445200,9
B20,2024-33,800897182618,K3445202,K3445200,4
B20,2024-34,800897182618,K3445202,K3445200,2
B20,2024-35,800897182618,K3445202,K3445200,19
B20,2024-36,800897182618,K3445202,K3445200,3
B20,2024-37,800897182618,K3445202,K3445200,1
B20,2024-38,800897182618,K3445202,K3445200,1
B20,2024-39,800897182618,K3445202,K3445200,8
B20,2024-40,800897182618,K3445202,K3445200,5
B20,2024-41,800897182618,K3445202,K3445200,5
B20,2024-42,800897182618,K3445202,K3445200,2
B20,2025-02,800897182618,K3445202,K3445200,10
B20,2025-03,800897182618,K3445202,K3445200,11
B20,2025-04,800897182618,K3445202,K3445200,13
B20,2025-05,800897182618,K3445202,K3445200,1
B20,2025-06,800897182618,K3445202,K3445200,4
B20,2025-07,800897182618,K3445202,K3445200,8
B20,2025-08,800897182618,K3445202,K3445200,6
B20,2025-09,800897182618,K3445202,K3445200,4
B20,2025-10,800897182618,K3445202,K3445200,6
B20,2025-11,800897182618,K3445202,K3445200,3
B20,2025-12,800897182618,K3445202,K3445200,8
B20,2024-18,800897192303,K3611201,K3611200,12
B20,2024-19,800897192303,K3611201,K3611200,32
B20,2024-20,800897192303,K3611201,K3611200,20
B20,2024-21,800897192303,K3611201,K3611200,12
B20,2024-22,800897192303,K3611201,K3611200,15
B20,2024-23,800897192303,K3611201,K3611200,26
B20,2024-24,800897192303,K3611201,K3611200,25
B20,2024-25,800897192303,K3611201,K3611200,19
B20,2024-26,800897192303,K3611201,K3611200,51
B20,2024-27,800897192303,K3611201,K3611200,77
B20,2024-28,800897192303,K3611201,K3611200,55
B20,2024-29,800897192303,K3611201,K3611200,47
B20,2024-30,800897192303,K3611201,K3611200,10
B20,2024-31,800897192303,K3611201,K3611200,4
B20,2024-32,800897192303,K3611201,K3611200,9
B20,2024-33,800897192303,K3611201,K3611200,3
B20,2024-34,800897192303,K3611201,K3611200,1
B20,2024-35,800897192303,K3611201,K3611200,16
B20,2024-36,800897192303,K3611201,K3611200,5
B20,2024-37,800897192303,K3611201,K3611200,11
B20,2024-38,800897192303,K3611201,K3611200,4
B20,2024-39,800897192303,K3611201,K3611200,8
B20,2024-40,800897192303,K3611201,K3611200,4
B20,2024-41,800897192303,K3611201,K3611200,5
B20,2024-42,800897192303,K3611201,K3611200,8
B20,2024-43,800897192303,K3611201,K3611200,11
B20,2024-44,800897192303,K3611201,K3611200,19
B20,2024-45,800897192303,K3611201,K3611200,11
B20,2024-46,800897192303,K3611201,K3611200,21
B20,2024-47,800897192303,K3611201,K3611200,41
B20,2024-48,800897192303,K3611201,K3611200,59
B20,2024-49,800897192303,K3611201,K3611200,16
B20,2024-50,800897192303,K3611201,K3611200,15
B20,2024-51,800897192303,K3611201,K3611200,22
B20,2024-52,800897192303,K3611201,K3611200,20
B20,2024-53,800897192303,K3611201,K3611200,4
B20,2025-00,800897192303,K3611201,K3611200,8
B20,2025-01,800897192303,K3611201,K3611200,18
B20,2025-02,800897192303,K3611201,K3611200,26
B20,2025-03,800897192303,K3611201,K3611200,13
B20,2025-04,800897192303,K3611201,K3611200,10
B20,2024-18,800897225254,K5230200,K5230200,2
B20,2024-19,800897225254,K5230200,K5230200,9
B20,2024-20,800897225254,K5230200,K5230200,6
B20,2024-22,800897225254,K5230200,K5230200,3
B20,2024-23,800897225254,K5230200,K5230200,5
B20,2024-24,800897225254,K5230200,K5230200,6
B20,2024-25,800897225254,K5230200,K5230200,5
B20,2024-26,800897225254,K5230200,K5230200,22
B20,2024-27,800897225254,K5230200,K5230200,19
B20,2024-28,800897225254,K5230200,K5230200,12
B20,2024-29,800897225254,K5230200,K5230200,5
B20,2024-30,800897225254,K5230200,K5230200,6
B20,2024-31,800897225254,K5230200,K5230200,4
B20,2024-32,800897225254,K5230200,K5230200,7
B20,2024-33,800897225254,K5230200,K5230200,3
B20,2024-34,800897225254,K5230200,K5230200,1
B20,2024-35,800897225254,K5230200,K5230200,1
B20,2024-42,800897225254,K5230200,K5230200,4
B20,2024-43,800897225254,K5230200,K5230200,4
B20,2024-44,800897225254,K5230200,K5230200,7
B20,2024-45,800897225254,K5230200,K5230200,2
B20,2024-46,800897225254,K5230200,K5230200,4
B20,2024-47,800897225254,K5230200,K5230200,12
B20,2024-48,800897225254,K5230200,K5230200,12
B20,2024-49,800897225254,K5230200,K5230200,1
B20,2024-50,800897225254,K5230200,K5230200,3
B20,2024-51,800897225254,K5230200,K5230200,6
B20,2024-52,800897225254,K5230200,K5230200,12
B20,2024-53,800897225254,K5230200,K5230200,3
B20,2025-00,800897225254,K5230200,K5230200,9
B20,2025-01,800897225254,K5230200,K5230200,21
B20,2025-02,800897225254,K5230200,K5230200,27
B20,2025-03,800897225254,K5230200,K5230200,12
B20,2025-04,800897225254,K5230200,K5230200,14
B20,2025-05,800897225254,K5230200,K5230200,4
B20,2025-06,800897225254,K5230200,K5230200,4
B20,2025-07,800897225254,K5230200,K5230200,3
B20,2025-08,800897225254,K5230200,K5230200,1
B20,2025-09,800897225254,K5230200,K5230200,1
B20,2025-10,800897225254,K5230200,K5230200,1
B20,2025-12,800897225254,K5230200,K5230200,1
B20,2025-17,800897225254,K5230200,K5230200,10
B20,2025-18,800897225254,K5230200,K5230200,29
B20,2025-19,800897225254,K5230200,K5230200,4
B20,2024-18,800897846008,K4262104,K4262100,30
B20,2024-19,800897846008,K4262104,K4262100,77
B20,2024-20,800897846008,K4262104,K4262100,52
B20,2024-21,800897846008,K4262104,K4262100,38
B20,2024-22,800897846008,K4262104,K4262100,46
B20,2024-23,800897846008,K4262104,K4262100,60
B20,2024-24,800897846008,K4262104,K4262100,45
B20,2024-25,800897846008,K4262104,K4262100,50
B20,2024-26,800897846008,K4262104,K4262100,67
B20,2024-27,800897846008,K4262104,K4262100,97
B20,2024-28,800897846008,K4262104,K4262100,129
B20,2024-29,800897846008,K4262104,K4262100,78
B20,2024-30,800897846008,K4262104,K4262100,70
B20,2024-31,800897846008,K4262104,K4262100,61
B20,2024-32,800897846008,K4262104,K4262100,57
B20,2024-33,800897846008,K4262104,K4262100,39
B20,2024-34,800897846008,K4262104,K4262100,40
B20,2024-35,800897846008,K4262104,K4262100,137
B20,2024-36,800897846008,K4262104,K4262100,56
B20,2024-37,800897846008,K4262104,K4262100,53
B20,2024-38,800897846008,K4262104,K4262100,33
B20,2024-39,800897846008,K4262104,K4262100,1
B20,2024-40,800897846008,K4262104,K4262100,25
B20,2024-41,800897846008,K4262104,K4262100,19
B20,2024-42,800897846008,K4262104,K4262100,22
B20,2024-43,800897846008,K4262104,K4262100,30
B20,2024-44,800897846008,K4262104,K4262100,56
B20,2024-45,800897846008,K4262104,K4262100,40
B20,2024-46,800897846008,K4262104,K4262100,25
B20,2025-01,800897846008,K4262104,K4262100,27
B20,2025-02,800897846008,K4262104,K4262100,21
B20,2025-03,800897846008,K4262104,K4262100,17
B20,2025-04,800897846008,K4262104,K4262100,28
B20,2025-05,800897846008,K4262104,K4262100,18
B20,2025-06,800897846008,K4262104,K4262100,8
B20,2025-07,800897846008,K4262104,K4262100,37
B20,2025-08,800897846008,K4262104,K4262100,10
B20,2025-09,800897846008,K4262104,K4262100,3
B20,2025-10,800897846008,K4262104,K4262100,30
B20,2025-11,800897846008,K4262104,K4262100,20
B20,2025-12,800897846008,K4262104,K4262100,48
B20,2025-13,800897846008,K4262104,K4262100,20
B20,2025-14,800897846008,K4262104,K4262100,23
B20,2025-15,800897846008,K4262104,K4262100,18
B20,2025-16,800897846008,K4262104,K4262100,21
B20,2025-17,800897846008,K4262104,K4262100,30
B20,2025-18,800897846008,K4262104,K4262100,40
B30,2024-18,30152540,AA533100,AA532800,30
B30,2024-19,30152540,AA533100,AA532800,65
B30,2024-20,30152540,AA533100,AA532800,19
B30,2024-21,30152540,AA533100,AA532800,4
B30,2024-22,30152540,AA533100,AA532800,7
B30,2024-23,30152540,AA533100,AA532800,12
B30,2024-24,30152540,AA533100,AA532800,27
B30,2024-25,30152540,AA533100,AA532800,13
B30,2024-26,30152540,AA533100,AA532800,27
B30,2024-27,30152540,AA533100,AA532800,29
B30,2024-28,30152540,AA533100,AA532800,32
B30,2024-29,30152540,AA533100,AA532800,19
B30,2024-30,30152540,AA533100,AA532800,36
B30,2024-31,30152540,AA533100,AA532800,21
B30,2024-32,30152540,AA533100,AA532800,30
B30,2024-33,30152540,AA533100,AA532800,24
B30,2024-34,30152540,AA533100,AA532800,247
B30,2024-35,30152540,AA533100,AA532800,37
B30,2024-36,30152540,AA533100,AA532800,9
B30,2024-37,30152540,AA533100,AA532800,3
B30,2024-38,30152540,AA533100,AA532800,1
B30,2024-39,30152540,AA533100,AA532800,16
B30,2024-40,30152540,AA533100,AA532800,8
B30,2024-41,30152540,AA533100,AA532800,13
B30,2024-42,30152540,AA533100,AA532800,14
B30,2024-43,30152540,AA533100,AA532800,32
B30,2024-44,30152540,AA533100,AA532800,56
B30,2024-45,30152540,AA533100,AA532800,15
B30,2024-46,30152540,AA533100,AA532800,23
B30,2024-47,30152540,AA533100,AA532800,48
B30,2024-48,30152540,AA533100,AA532800,13
B30,2024-49,30152540,AA533100,AA532800,26
B30,2024-50,30152540,AA533100,AA532800,12
B30,2024-51,30152540,AA533100,AA532800,15
B30,2024-52,30152540,AA533100,AA532800,22
B30,2024-53,30152540,AA533100,AA532800,8
B30,2025-00,30152540,AA533100,AA532800,28
B30,2025-01,30152540,AA533100,AA532800,23
B30,2025-02,30152540,AA533100,AA532800,20
B30,2025-03,30152540,AA533100,AA532800,21
B30,2025-04,30152540,AA533100,AA532800,35
B30,2025-05,30152540,AA533100,AA532800,21
B30,2025-06,30152540,AA533100,AA532800,11
B30,2025-07,30152540,AA533100,AA532800,9
B30,2025-08,30152540,AA533100,AA532800,7
B30,2025-09,30152540,AA533100,AA532800,7
B30,2025-10,30152540,AA533100,AA532800,5
B30,2025-11,30152540,AA533100,AA532800,3
B30,2025-12,30152540,AA533100,AA532800,8
B30,2025-13,30152540,AA533100,AA532800,6
B30,2025-14,30152540,AA533100,AA532800,12
B30,2025-15,30152540,AA533100,AA532800,8
B30,2025-16,30152540,AA533100,AA532800,11
B30,2025-17,30152540,AA533100,AA532800,17
B30,2025-18,30152540,AA533100,AA532800,21
B30,2024-22,30161467,B3471101,B3471100,6
B30,2024-23,30161467,B3471101,B3471100,17
B30,2024-24,30161467,B3471101,B3471100,7
B30,2024-25,30161467,B3471101,B3471100,9
B30,2024-26,30161467,B3471101,B3471100,105
B30,2024-27,30161467,B3471101,B3471100,2
B30,2024-28,30161467,B3471101,B3471100,45
B30,2024-29,30161467,B3471101,B3471100,180
B30,2024-30,30161467,B3471101,B3471100,49
B30,2024-31,30161467,B3471101,B3471100,13
B30,2024-32,30161467,B3471101,B3471100,12
B30,2024-33,30161467,B3471101,B3471100,16
B30,2024-34,30161467,B3471101,B3471100,34
B30,2024-35,30161467,B3471101,B3471100,19
B30,2024-36,30161467,B3471101,B3471100,7
B30,2024-37,30161467,B3471101,B3471100,5
B30,2024-38,30161467,B3471101,B3471100,8
B30,2024-39,30161467,B3471101,B3471100,24
B30,2024-40,30161467,B3471101,B3471100,24
B30,2024-41,30161467,B3471101,B3471100,22
B30,2024-42,30161467,B3471101,B3471100,12
B30,2024-43,30161467,B3471101,B3471100,38
B30,2024-44,30161467,B3471101,B3471100,79
B30,2024-45,30161467,B3471101,B3471100,12
B30,2024-46,30161467,B3471101,B3471100,8
B30,2024-47,30161467,B3471101,B3471100,15
B30,2024-48,30161467,B3471101,B3471100,61
B30,2024-49,30161467,B3471101,B3471100,35
B30,2024-50,30161467,B3471101,B3471100,11
B30,2024-51,30161467,B3471101,B3471100,15
B30,2024-52,30161467,B3471101,B3471100,10
B30,2024-53,30161467,B3471101,B3471100,3
B30,2025-00,30161467,B3471101,B3471100,40
B30,2025-01,30161467,B3471101,B3471100,49
B30,2025-02,30161467,B3471101,B3471100,2
B30,2025-03,30161467,B3471101,B3471100,23
B30,2025-04,30161467,B3471101,B3471100,41
B30,2025-07,30161467,B3471101,B3471100,8
B30,2025-08,30161467,B3471101,B3471100,6
B30,2025-09,30161467,B3471101,B3471100,4
B30,2025-10,30161467,B3471101,B3471100,6
B30,2025-11,30161467,B3471101,B3471100,50
B30,2025-12,30161467,B3471101,B3471100,87
B30,2025-13,30161467,B3471101,B3471100,17
B30,2025-14,30161467,B3471101,B3471100,37
B30,2025-15,30161467,B3471101,B3471100,94
B30,2025-16,30161467,B3471101,B3471100,40
B30,2025-17,30161467,B3471101,B3471100,14
B30,2025-18,30161467,B3471101,B3471100,33
B30,2024-18,3600530847914,B2118802,B2118800,12
B30,2024-19,3600530847914,B2118802,B2118800,31
B30,2024-20,3600530847914,B2118802,B2118800,10
B30,2024-21,3600530847914,B2118802,B2118800,13
B30,2024-22,3600530847914,B2118802,B2118800,17
B30,2024-23,3600530847914,B2118802,B2118800,11
B30,2024-24,3600530847914,B2118802,B2118800,34
B30,2024-25,3600530847914,B2118802,B2118800,26
B30,2024-26,3600530847914,B2118802,B2118800,148
B30,2024-27,3600530847914,B2118802,B2118800,161
B30,2024-28,3600530847914,B2118802,B2118800,122
B30,2024-29,3600530847914,B2118802,B2118800,130
B30,2024-30,3600530847914,B2118802,B2118800,39
B30,2024-31,3600530847914,B2118802,B2118800,22
B30,2024-32,3600530847914,B2118802,B2118800,2
B30,2024-33,3600530847914,B2118802,B2118800,23
B30,2024-34,3600530847914,B2118802,B2118800,29
B30,2024-35,3600530847914,B2118802,B2118800,26
B30,2024-36,3600530847914,B2118802,B2118800,17
B30,2024-37,3600530847914,B2118802,B2118800,4
B30,2024-38,3600530847914,B2118802,B2118800,8
B30,2024-39,3600530847914,B2118802,B2118800,8
B30,2024-40,3600530847914,B2118802,B2118800,13
B30,2024-41,3600530847914,B2118802,B2118800,12
B30,2024-42,3600530847914,B2118802,B2118800,8
B30,2024-43,3600530847914,B2118802,B2118800,14
B30,2024-44,3600530847914,B2118802,B2118800,47
B30,2024-45,3600530847914,B2118802,B2118800,13
B30,2024-46,3600530847914,B2118802,B2118800,10
B30,2024-47,3600530847914,B2118802,B2118800,10
B30,2024-48,3600530847914,B2118802,B2118800,26
B30,2024-49,3600530847914,B2118802,B2118800,16
B30,2024-50,3600530847914,B2118802,B2118800,25
B30,2024-52,3600530847914,B2118802,B2118800,28
B30,2024-53,3600530847914,B2118802,B2118800,22
B30,2025-00,3600530847914,B2118802,B2118800,36
B30,2025-01,3600530847914,B2118802,B2118800,35
B30,2025-02,3600530847914,B2118802,B2118800,73
B30,2025-03,3600530847914,B2118802,B2118800,70
B30,2025-04,3600530847914,B2118802,B2118800,37
B30,2025-06,3600530847914,B2118802,B2118800,10
B30,2025-07,3600530847914,B2118802,B2118800,15
B30,2025-08,3600530847914,B2118802,B2118800,7
B30,2025-09,3600530847914,B2118802,B2118800,5
B30,2025-10,3600530847914,B2118802,B2118800,11
B30,2025-11,3600530847914,B2118802,B2118800,13
B30,2025-12,3600530847914,B2118802,B2118800,16
B30,2025-13,3600530847914,B2118802,B2118800,13
B30,2025-14,3600530847914,B2118802,B2118800,22
B30,2025-15,3600530847914,B2118802,B2118800,1
B30,2025-17,3600530847914,B2118802,B2118800,3
B30,2024-19,3600531089795,YFR10098,B2458801,10
B30,2024-20,3600531089795,YFR10098,B2458801,5
B30,2024-21,3600531089795,YFR10098,B2458801,2
B30,2024-22,3600531089795,YFR10098,B2458801,6
B30,2024-23,3600531089795,YFR10098,B2458801,6
B30,2024-24,3600531089795,YFR10098,B2458801,7
B30,2024-25,3600531089795,YFR10098,B2458801,14
B30,2024-26,3600531089795,YFR10098,B2458801,51
B30,2024-27,3600531089795,YFR10098,B2458801,46
B30,2024-28,3600531089795,YFR10098,B2458801,101
B30,2024-29,3600531089795,YFR10098,B2458801,41
B30,2024-30,3600531089795,YFR10098,B2458801,40
B30,2024-31,3600531089795,YFR10098,B2458801,26
B30,2024-32,3600531089795,YFR10098,B2458801,22
B30,2024-33,3600531089795,YFR10098,B2458801,19
B30,2024-34,3600531089795,YFR10098,B2458801,16
B30,2024-35,3600531089795,YFR10098,B2458801,14
B30,2024-36,3600531089795,YFR10098,B2458801,11
B30,2024-37,3600531089795,YFR10098,B2458801,14
B30,2024-38,3600531089795,YFR10098,B2458801,7
B30,2024-39,3600531089795,YFR10098,B2458801,9
B30,2024-40,3600531089795,YFR10098,B2458801,7
B30,2024-41,3600531089795,YFR10098,B2458801,12
B30,2024-42,3600531089795,YFR10098,B2458801,11
B30,2024-43,3600531089795,YFR10098,B2458801,20
B30,2024-44,3600531089795,YFR10098,B2458801,7
B30,2024-46,3600531089795,YFR10098,B2458801,3
B30,2024-47,3600531089795,YFR10098,B2458801,29
B30,2024-48,3600531089795,YFR10098,B2458801,21
B30,2024-52,3600531089795,YFR10098,B2458801,9
B30,2024-53,3600531089795,YFR10098,B2458801,2
B30,2025-00,3600531089795,YFR10098,B2458801,3
B30,2025-01,3600531089795,YFR10098,B2458801,21
B30,2025-02,3600531089795,YFR10098,B2458801,46
B30,2025-03,3600531089795,YFR10098,B2458801,42
B30,2025-04,3600531089795,YFR10098,B2458801,35
B30,2025-05,3600531089795,YFR10098,B2458801,27
B30,2025-06,3600531089795,YFR10098,B2458801,20
B30,2025-07,3600531089795,YFR10098,B2458801,26
B30,2025-08,3600531089795,YFR10098,B2458801,21
B30,2025-09,3600531089795,YFR10098,B2458801,10
B30,2025-10,3600531089795,YFR10098,B2458801,10
B30,2025-11,3600531089795,YFR10098,B2458801,19
B30,2025-12,3600531089795,YFR10098,B2458801,24
B30,2025-13,3600531089795,YFR10098,B2458801,26
B30,2025-14,3600531089795,YFR10098,B2458801,11
B30,2025-15,3600531089795,YFR10098,B2458801,6
B30,2025-16,3600531089795,YFR10098,B2458801,14
B30,2025-17,3600531089795,YFR10098,B2458801,2
B30,2025-18,3600531089795,YFR10098,B2458801,4
B30,2025-19,3600531089795,YFR10098,B2458801,1
B30,2024-23,800897085605,K2387705,K2387700,14
B30,2024-24,800897085605,K2387705,K2387700,18
B30,2024-25,800897085605,K2387705,K2387700,23
B30,2024-26,800897085605,K2387705,K2387700,44
B30,2024-27,800897085605,K2387705,K2387700,38
B30,2024-28,800897085605,K2387705,K2387700,41
B30,2024-29,800897085605,K2387705,K2387700,24
B30,2024-30,800897085605,K2387705,K2387700,31
B30,2024-31,800897085605,K2387705,K2387700,28
B30,2024-32,800897085605,K2387705,K2387700,30
B30,2024-33,800897085605,K2387705,K2387700,34
B30,2024-34,800897085605,K2387705,K2387700,28
B30,2024-35,800897085605,K2387705,K2387700,28
B30,2024-36,800897085605,K2387705,K2387700,18
B30,2024-37,800897085605,K2387705,K2387700,22
B30,2024-38,800897085605,K2387705,K2387700,17
B30,2024-39,800897085605,K2387705,K2387700,16
B30,2024-40,800897085605,K2387705,K2387700,18
B30,2024-41,800897085605,K2387705,K2387700,23
B30,2024-42,800897085605,K2387705,K2387700,29
B30,2024-43,800897085605,K2387705,K2387700,41
B30,2024-44,800897085605,K2387705,K2387700,22
B30,2024-47,800897085605,K2387705,K2387700,53
B30,2024-48,800897085605,K2387705,K2387700,50
B30,2024-49,800897085605,K2387705,K2387700,22
B30,2024-50,800897085605,K2387705,K2387700,24
B30,2024-51,800897085605,K2387705,K2387700,23
B30,2024-52,800897085605,K2387705,K2387700,56
B30,2024-53,800897085605,K2387705,K2387700,16
B30,2025-00,800897085605,K2387705,K2387700,25
B30,2025-01,800897085605,K2387705,K2387700,49
B30,2025-02,800897085605,K2387705,K2387700,23
B30,2025-03,800897085605,K2387705,K2387700,8
B30,2025-04,800897085605,K2387705,K2387700,12
B30,2025-05,800897085605,K2387705,K2387700,8
B30,2025-06,800897085605,K2387705,K2387700,9
B30,2025-07,800897085605,K2387705,K2387700,8
B30,2025-08,800897085605,K2387705,K2387700,5
B30,2025-09,800897085605,K2387705,K2387700,8
B30,2025-10,800897085605,K2387705,K2387700,8
B30,2025-11,800897085605,K2387705,K2387700,10
B30,2025-12,800897085605,K2387705,K2387700,15
B30,2025-13,800897085605,K2387705,K2387700,13
B30,2025-14,800897085605,K2387705,K2387700,14
B30,2025-15,800897085605,K2387705,K2387700,32
B30,2025-16,800897085605,K2387705,K2387700,20
B30,2025-17,800897085605,K2387705,K2387700,20
B30,2025-18,800897085605,K2387705,K2387700,21
B30,2025-19,800897085605,K2387705,K2387700,1
B30,2024-18,800897123277,K4009608,K4009600,13
B30,2024-19,800897123277,K4009608,K4009600,26
B30,2024-20,800897123277,K4009608,K4009600,11
B30,2024-21,800897123277,K4009608,K4009600,12
B30,2024-22,800897123277,K4009608,K4009600,5
B30,2024-23,800897123277,K4009608,K4009600,11
B30,2024-24,800897123277,K4009608,K4009600,7
B30,2024-25,800897123277,K4009608,K4009600,9
B30,2024-26,800897123277,K4009608,K4009600,17
B30,2024-27,800897123277,K4009608,K4009600,23
B30,2024-28,800897123277,K4009608,K4009600,5
B30,2024-29,800897123277,K4009608,K4009600,11
B30,2024-30,800897123277,K4009608,K4009600,9
B30,2024-31,800897123277,K4009608,K4009600,7
B30,2024-32,800897123277,K4009608,K4009600,4
B30,2024-33,800897123277,K4009608,K4009600,13
B30,2024-34,800897123277,K4009608,K4009600,7
B30,2024-35,800897123277,K4009608,K4009600,5
B30,2024-36,800897123277,K4009608,K4009600,4
B30,2024-37,800897123277,K4009608,K4009600,1
B30,2024-39,800897123277,K4009608,K4009600,9
B30,2024-40,800897123277,K4009608,K4009600,7
B30,2024-41,800897123277,K4009608,K4009600,4
B30,2024-42,800897123277,K4009608,K4009600,1
B30,2024-43,800897123277,K4009608,K4009600,8
B30,2024-44,800897123277,K4009608,K4009600,4
B30,2024-45,800897123277,K4009608,K4009600,5
B30,2024-46,800897123277,K4009608,K4009600,2
B30,2024-47,800897123277,K4009608,K4009600,7
B30,2024-48,800897123277,K4009608,K4009600,7
B30,2024-49,800897123277,K4009608,K4009600,13
B30,2024-50,800897123277,K4009608,K4009600,4
B30,2024-51,800897123277,K4009608,K4009600,10
B30,2024-52,800897123277,K4009608,K4009600,29
B30,2024-53,800897123277,K4009608,K4009600,5
B30,2025-00,800897123277,K4009608,K4009600,14
B30,2025-01,800897123277,K4009608,K4009600,44
B30,2025-02,800897123277,K4009608,K4009600,32
B30,2025-03,800897123277,K4009608,K4009600,24
B30,2025-04,800897123277,K4009608,K4009600,20
B30,2025-05,800897123277,K4009608,K4009600,15
B30,2025-06,800897123277,K4009608,K4009600,5
B30,2025-07,800897123277,K4009608,K4009600,12
B30,2025-08,800897123277,K4009608,K4009600,8
B30,2025-09,800897123277,K4009608,K4009600,12
B30,2025-10,800897123277,K4009608,K4009600,10
B30,2025-11,800897123277,K4009608,K4009600,6
B30,2025-12,800897123277,K4009608,K4009600,12
B30,2025-13,800897123277,K4009608,K4009600,12
B30,2025-14,800897123277,K4009608,K4009600,20
B30,2025-15,800897123277,K4009608,K4009600,17
B30,2025-16,800897123277,K4009608,K4009600,14
B30,2025-17,800897123277,K4009608,K4009600,17
B30,2025-18,800897123277,K4009608,K4009600,16
B30,2025-19,800897123277,K4009608,K4009600,2
B30,2024-18,800897182618,K3445202,K3445200,7
B30,2024-19,800897182618,K3445202,K3445200,32
B30,2024-20,800897182618,K3445202,K3445200,23
B30,2024-21,800897182618,K3445202,K3445200,10
B30,2024-22,800897182618,K3445202,K3445200,13
B30,2024-23,800897182618,K3445202,K3445200,26
B30,2024-24,800897182618,K3445202,K3445200,18
B30,2024-25,800897182618,K3445202,K3445200,17
B30,2024-26,800897182618,K3445202,K3445200,67
B30,2024-27,800897182618,K3445202,K3445200,92
B30,2024-28,800897182618,K3445202,K3445200,90
B30,2024-29,800897182618,K3445202,K3445200,54
B30,2024-30,800897182618,K3445202,K3445200,33
B30,2024-31,800897182618,K3445202,K3445200,25
B30,2024-32,800897182618,K3445202,K3445200,17
B30,2024-33,800897182618,K3445202,K3445200,49
B30,2024-34,800897182618,K3445202,K3445200,35
B30,2024-35,800897182618,K3445202,K3445200,27
B30,2024-36,800897182618,K3445202,K3445200,22
B30,2024-37,800897182618,K3445202,K3445200,13
B30,2024-38,800897182618,K3445202,K3445200,10
B30,2024-39,800897182618,K3445202,K3445200,15
B30,2024-40,800897182618,K3445202,K3445200,13
B30,2024-41,800897182618,K3445202,K3445200,10
B30,2024-42,800897182618,K3445202,K3445200,9
B30,2024-43,800897182618,K3445202,K3445200,25
B30,2024-44,800897182618,K3445202,K3445200,26
B30,2024-45,800897182618,K3445202,K3445200,12
B30,2024-46,800897182618,K3445202,K3445200,16
B30,2024-47,800897182618,K3445202,K3445200,48
B30,2024-48,800897182618,K3445202,K3445200,70
B30,2024-49,800897182618,K3445202,K3445200,11
B30,2024-50,800897182618,K3445202,K3445200,13
B30,2024-51,800897182618,K3445202,K3445200,8
B30,2024-52,800897182618,K3445202,K3445200,25
B30,2024-53,800897182618,K3445202,K3445200,6
B30,2025-00,800897182618,K3445202,K3445200,10
B30,2025-01,800897182618,K3445202,K3445200,44
B30,2025-02,800897182618,K3445202,K3445200,26
B30,2025-03,800897182618,K3445202,K3445200,39
B30,2025-04,800897182618,K3445202,K3445200,18
B30,2025-05,800897182618,K3445202,K3445200,9
B30,2025-06,800897182618,K3445202,K3445200,8
B30,2025-07,800897182618,K3445202,K3445200,11
B30,2025-08,800897182618,K3445202,K3445200,3
B30,2025-09,800897182618,K3445202,K3445200,7
B30,2025-10,800897182618,K3445202,K3445200,5
B30,2025-11,800897182618,K3445202,K3445200,8
B30,2025-12,800897182618,K3445202,K3445200,7
B30,2025-13,800897182618,K3445202,K3445200,12
B30,2025-14,800897182618,K3445202,K3445200,11
B30,2025-15,800897182618,K3445202,K3445200,18
B30,2025-16,800897182618,K3445202,K3445200,11
B30,2025-17,800897182618,K3445202,K3445200,5
B30,2025-18,800897182618,K3445202,K3445200,6
B30,2025-19,800897182618,K3445202,K3445200,1
B30,2024-18,800897192303,K3611201,K3611200,9
B30,2024-19,800897192303,K3611201,K3611200,34
B30,2024-20,800897192303,K3611201,K3611200,8
B30,2024-21,800897192303,K3611201,K3611200,12
B30,2024-22,800897192303,K3611201,K3611200,16
B30,2024-23,800897192303,K3611201,K3611200,14
B30,2024-24,800897192303,K3611201,K3611200,16
B30,2024-25,800897192303,K3611201,K3611200,6
B30,2024-26,800897192303,K3611201,K3611200,18
B30,2024-28,800897192303,K3611201,K3611200,6
B30,2024-29,800897192303,K3611201,K3611200,13
B30,2024-30,800897192303,K3611201,K3611200,7
B30,2024-31,800897192303,K3611201,K3611200,3
B30,2024-32,800897192303,K3611201,K3611200,5
B30,2024-33,800897192303,K3611201,K3611200,8
B30,2024-34,800897192303,K3611201,K3611200,10
B30,2024-35,800897192303,K3611201,K3611200,8
B30,2024-36,800897192303,K3611201,K3611200,6
B30,2024-37,800897192303,K3611201,K3611200,5
B30,2024-38,800897192303,K3611201,K3611200,5
B30,2024-39,800897192303,K3611201,K3611200,7
B30,2024-40,800897192303,K3611201,K3611200,4
B30,2024-41,800897192303,K3611201,K3611200,6
B30,2024-42,800897192303,K3611201,K3611200,2
B30,2024-43,800897192303,K3611201,K3611200,6
B30,2024-44,800897192303,K3611201,K3611200,17
B30,2024-45,800897192303,K3611201,K3611200,10
B30,2024-46,800897192303,K3611201,K3611200,5
B30,2024-47,800897192303,K3611201,K3611200,15
B30,2024-48,800897192303,K3611201,K3611200,32
B30,2024-49,800897192303,K3611201,K3611200,18
B30,2024-50,800897192303,K3611201,K3611200,4
B30,2024-51,800897192303,K3611201,K3611200,21
B30,2024-52,800897192303,K3611201,K3611200,14
B30,2024-18,800897225254,K5230200,K5230200,6
B30,2024-19,800897225254,K5230200,K5230200,25
B30,2024-20,800897225254,K5230200,K5230200,8
B30,2024-21,800897225254,K5230200,K5230200,5
B30,2024-22,800897225254,K5230200,K5230200,5
B30,2024-23,800897225254,K5230200,K5230200,14
B30,2024-24,800897225254,K5230200,K5230200,8
B30,2024-25,800897225254,K5230200,K5230200,8
B30,2024-26,800897225254,K5230200,K5230200,38
B30,2024-27,800897225254,K5230200,K5230200,33
B30,2024-28,800897225254,K5230200,K5230200,39
B30,2024-29,800897225254,K5230200,K5230200,36
B30,2024-30,800897225254,K5230200,K5230200,17
B30,2024-31,800897225254,K5230200,K5230200,13
B30,2024-32,800897225254,K5230200,K5230200,12
B30,2024-33,800897225254,K5230200,K5230200,15
B30,2024-34,800897225254,K5230200,K5230200,18
B30,2024-35,800897225254,K5230200,K5230200,9
B30,2024-36,800897225254,K5230200,K5230200,2
B30,2024-37,800897225254,K5230200,K5230200,6
B30,2024-38,800897225254,K5230200,K5230200,5
B30,2024-39,800897225254,K5230200,K5230200,7
B30,2024-40,800897225254,K5230200,K5230200,8
B30,2024-41,800897225254,K5230200,K5230200,4
B30,2024-42,800897225254,K5230200,K5230200,8
B30,2024-43,800897225254,K5230200,K5230200,17
B30,2024-44,800897225254,K5230200,K5230200,10
B30,2024-45,800897225254,K5230200,K5230200,4
B30,2024-46,800897225254,K5230200,K5230200,8
B30,2024-47,800897225254,K5230200,K5230200,22
B30,2024-48,800897225254,K5230200,K5230200,27
B30,2024-49,800897225254,K5230200,K5230200,6
B30,2024-50,800897225254,K5230200,K5230200,6
B30,2024-51,800897225254,K5230200,K5230200,6
B30,2024-52,800897225254,K5230200,K5230200,10
B30,2024-53,800897225254,K5230200,K5230200,1
B30,2025-00,800897225254,K5230200,K5230200,4
B30,2025-01,800897225254,K5230200,K5230200,24
B30,2025-02,800897225254,K5230200,K5230200,19
B30,2025-03,800897225254,K5230200,K5230200,13
B30,2025-04,800897225254,K5230200,K5230200,6
B30,2025-05,800897225254,K5230200,K5230200,2
B30,2025-06,800897225254,K5230200,K5230200,3
B30,2025-07,800897225254,K5230200,K5230200,3
B30,2025-08,800897225254,K5230200,K5230200,3
B30,2025-09,800897225254,K5230200,K5230200,1
B30,2025-10,800897225254,K5230200,K5230200,2
B30,2025-11,800897225254,K5230200,K5230200,4
B30,2025-12,800897225254,K5230200,K5230200,2
B30,2025-13,800897225254,K5230200,K5230200,2
B30,2025-14,800897225254,K5230200,K5230200,4
B30,2025-15,800897225254,K5230200,K5230200,7
B30,2025-16,800897225254,K5230200,K5230200,4
B30,2025-17,800897225254,K5230200,K5230200,8
B30,2025-18,800897225254,K5230200,K5230200,33
B30,2025-19,800897225254,K5230200,K5230200,2
B30,2024-18,800897846008,K4262104,K4262100,37
B30,2024-19,800897846008,K4262104,K4262100,102
B30,2024-20,800897846008,K4262104,K4262100,37
B30,2024-21,800897846008,K4262104,K4262100,56
B30,2024-22,800897846008,K4262104,K4262100,80
B30,2024-23,800897846008,K4262104,K4262100,67
B30,2024-24,800897846008,K4262104,K4262100,57
B30,2024-25,800897846008,K4262104,K4262100,49
B30,2024-26,800897846008,K4262104,K4262100,126
B30,2024-27,800897846008,K4262104,K4262100,140
B30,2024-28,800897846008,K4262104,K4262100,127
B30,2024-29,800897846008,K4262104,K4262100,96
B30,2024-30,800897846008,K4262104,K4262100,76
B30,2024-31,800897846008,K4262104,K4262100,86
B30,2024-32,800897846008,K4262104,K4262100,76
B30,2024-33,800897846008,K4262104,K4262100,117
B30,2024-34,800897846008,K4262104,K4262100,67
B30,2024-35,800897846008,K4262104,K4262100,56
B30,2024-36,800897846008,K4262104,K4262100,24
B30,2024-37,800897846008,K4262104,K4262100,27
B30,2024-38,800897846008,K4262104,K4262100,23
B30,2024-39,800897846008,K4262104,K4262100,39
B30,2024-40,800897846008,K4262104,K4262100,28
B30,2024-41,800897846008,K4262104,K4262100,21
B30,2024-42,800897846008,K4262104,K4262100,26
B30,2024-43,800897846008,K4262104,K4262100,76
B30,2024-44,800897846008,K4262104,K4262100,73
B30,2024-51,800897846008,K4262104,K4262100,21
B30,2024-52,800897846008,K4262104,K4262100,24
B30,2024-53,800897846008,K4262104,K4262100,4
B30,2025-00,800897846008,K4262104,K4262100,10
B30,2025-01,800897846008,K4262104,K4262100,15
B30,2025-02,800897846008,K4262104,K4262100,2
B30,2025-03,800897846008,K4262104,K4262100,1
B30,2025-06,800897846008,K4262104,K4262100,2
B30,2025-07,800897846008,K4262104,K4262100,50
B30,2025-08,800897846008,K4262104,K4262100,14
B30,2025-09,800897846008,K4262104,K4262100,30
B30,2025-10,800897846008,K4262104,K4262100,52
B30,2025-11,800897846008,K4262104,K4262100,23
B30,2025-12,800897846008,K4262104,K4262100,22
B30,2025-13,800897846008,K4262104,K4262100,42
B30,2025-14,800897846008,K4262104,K4262100,43
B30,2025-15,800897846008,K4262104,K4262100,61
B30,2025-16,800897846008,K4262104,K4262100,46
B30,2025-17,800897846008,K4262104,K4262100,54
B30,2025-18,800897846008,K4262104,K4262100,65
B30,2025-19,800897846008,K4262104,K4262100,1
B40,2024-18,30152540,AA533100,AA532800,22
B40,2024-19,30152540,AA533100,AA532800,27
B40,2024-20,30152540,AA533100,AA532800,16
B40,2024-21,30152540,AA533100,AA532800,4
B40,2024-22,30152540,AA533100,AA532800,7
B40,2024-23,30152540,AA533100,AA532800,8
B40,2024-24,30152540,AA533100,AA532800,10
B40,2024-25,30152540,AA533100,AA532800,9
B40,2024-26,30152540,AA533100,AA532800,13
B40,2024-27,30152540,AA533100,AA532800,16
B40,2024-28,30152540,AA533100,AA532800,6
B40,2024-29,30152540,AA533100,AA532800,19
B40,2024-30,30152540,AA533100,AA532800,9
B40,2024-31,30152540,AA533100,AA532800,11
B40,2024-32,30152540,AA533100,AA532800,7
B40,2024-33,30152540,AA533100,AA532800,16
B40,2024-34,30152540,AA533100,AA532800,11
B40,2024-35,30152540,AA533100,AA532800,11
B40,2024-36,30152540,AA533100,AA532800,74
B40,2024-37,30152540,AA533100,AA532800,8
B40,2024-38,30152540,AA533100,AA532800,5
B40,2024-39,30152540,AA533100,AA532800,9
B40,2024-40,30152540,AA533100,AA532800,12
B40,2024-41,30152540,AA533100,AA532800,10
B40,2024-42,30152540,AA533100,AA532800,8
B40,2024-43,30152540,AA533100,AA532800,12
B40,2024-44,30152540,AA533100,AA532800,17
B40,2024-45,30152540,AA533100,AA532800,8
B40,2024-46,30152540,AA533100,AA532800,9
B40,2024-47,30152540,AA533100,AA532800,17
B40,2024-48,30152540,AA533100,AA532800,65
B40,2024-49,30152540,AA533100,AA532800,15
B40,2024-50,30152540,AA533100,AA532800,12
B40,2024-51,30152540,AA533100,AA532800,13
B40,2024-52,30152540,AA533100,AA532800,16
B40,2024-53,30152540,AA533100,AA532800,6
B40,2025-00,30152540,AA533100,AA532800,12
B40,2025-01,30152540,AA533100,AA532800,13
B40,2025-02,30152540,AA533100,AA532800,15
B40,2025-03,30152540,AA533100,AA532800,15
B40,2025-04,30152540,AA533100,AA532800,18
B40,2025-05,30152540,AA533100,AA532800,11
B40,2025-06,30152540,AA533100,AA532800,5
B40,2025-07,30152540,AA533100,AA532800,6
B40,2025-08,30152540,AA533100,AA532800,3
B40,2025-09,30152540,AA533100,AA532800,4
B40,2025-10,30152540,AA533100,AA532800,1
B40,2025-11,30152540,AA533100,AA532800,3
B40,2025-12,30152540,AA533100,AA532800,8
B40,2025-13,30152540,AA533100,AA532800,8
B40,2025-14,30152540,AA533100,AA532800,11
B40,2025-15,30152540,AA533100,AA532800,8
B40,2025-16,30152540,AA533100,AA532800,8
B40,2025-17,30152540,AA533100,AA532800,7
B40,2025-18,30152540,AA533100,AA532800,11
B40,2024-18,30161467,B3471101,B3471100,4
B40,2024-21,30161467,B3471101,B3471100,3
B40,2024-23,30161467,B3471101,B3471100,1
B40,2024-24,30161467,B3471101,B3471100,2
B40,2024-25,30161467,B3471101,B3471100,2
B40,2024-27,30161467,B3471101,B3471100,1
B40,2024-29,30161467,B3471101,B3471100,36
B40,2024-30,30161467,B3471101,B3471100,20
B40,2024-31,30161467,B3471101,B3471100,10
B40,2024-32,30161467,B3471101,B3471100,4
B40,2024-33,30161467,B3471101,B3471100,7
B40,2024-34,30161467,B3471101,B3471100,8
B40,2024-35,30161467,B3471101,B3471100,11
B40,2024-36,30161467,B3471101,B3471100,6
B40,2024-37,30161467,B3471101,B3471100,3
B40,2024-38,30161467,B3471101,B3471100,8
B40,2024-39,30161467,B3471101,B3471100,3
B40,2024-40,30161467,B3471101,B3471100,9
B40,2024-41,30161467,B3471101,B3471100,13
B40,2024-42,30161467,B3471101,B3471100,7
B40,2024-43,30161467,B3471101,B3471100,14
B40,2024-44,30161467,B3471101,B3471100,25
B40,2024-45,30161467,B3471101,B3471100,10
B40,2024-46,30161467,B3471101,B3471100,8
B40,2024-47,30161467,B3471101,B3471100,2
B40,2024-48,30161467,B3471101,B3471100,16
B40,2024-49,30161467,B3471101,B3471100,23
B40,2024-50,30161467,B3471101,B3471100,14
B40,2024-51,30161467,B3471101,B3471100,8
B40,2024-52,30161467,B3471101,B3471100,10
B40,2024-53,30161467,B3471101,B3471100,8
B40,2025-00,30161467,B3471101,B3471100,6
B40,2025-01,30161467,B3471101,B3471100,38
B40,2025-02,30161467,B3471101,B3471100,26
B40,2025-03,30161467,B3471101,B3471100,40
B40,2025-04,30161467,B3471101,B3471100,30
B40,2025-05,30161467,B3471101,B3471100,5
B40,2025-06,30161467,B3471101,B3471100,2
B40,2025-07,30161467,B3471101,B3471100,3
B40,2025-13,30161467,B3471101,B3471100,12
B40,2025-14,30161467,B3471101,B3471100,4
B40,2025-15,30161467,B3471101,B3471100,2
B40,2025-16,30161467,B3471101,B3471100,5
B40,2025-17,30161467,B3471101,B3471100,2
B40,2025-18,30161467,B3471101,B3471100,7
B40,2024-18,3600530847914,B2118802,B2118800,13
B40,2024-19,3600530847914,B2118802,B2118800,16
B40,2024-20,3600530847914,B2118802,B2118800,10
B40,2024-21,3600530847914,B2118802,B2118800,7
B40,2024-22,3600530847914,B2118802,B2118800,11
B40,2024-23,3600530847914,B2118802,B2118800,8
B40,2024-24,3600530847914,B2118802,B2118800,17
B40,2024-25,3600530847914,B2118802,B2118800,7
B40,2024-26,3600530847914,B2118802,B2118800,84
B40,2024-27,3600530847914,B2118802,B2118800,89
B40,2024-28,3600530847914,B2118802,B2118800,59
B40,2024-29,3600530847914,B2118802,B2118800,46
B40,2024-30,3600530847914,B2118802,B2118800,23
B40,2024-31,3600530847914,B2118802,B2118800,9
B40,2024-32,3600530847914,B2118802,B2118800,8
B40,2024-33,3600530847914,B2118802,B2118800,14
B40,2024-34,3600530847914,B2118802,B2118800,12
B40,2024-35,3600530847914,B2118802,B2118800,13
B40,2024-36,3600530847914,B2118802,B2118800,11
B40,2024-37,3600530847914,B2118802,B2118800,8
B40,2024-38,3600530847914,B2118802,B2118800,3
B40,2024-39,3600530847914,B2118802,B2118800,15
B40,2024-40,3600530847914,B2118802,B2118800,17
B40,2024-41,3600530847914,B2118802,B2118800,19
B40,2024-42,3600530847914,B2118802,B2118800,10
B40,2024-43,3600530847914,B2118802,B2118800,16
B40,2024-44,3600530847914,B2118802,B2118800,12
B40,2024-45,3600530847914,B2118802,B2118800,8
B40,2024-46,3600530847914,B2118802,B2118800,10
B40,2024-47,3600530847914,B2118802,B2118800,16
B40,2024-48,3600530847914,B2118802,B2118800,63
B40,2024-49,3600530847914,B2118802,B2118800,22
B40,2024-50,3600530847914,B2118802,B2118800,26
B40,2024-51,3600530847914,B2118802,B2118800,26
B40,2024-52,3600530847914,B2118802,B2118800,12
B40,2024-53,3600530847914,B2118802,B2118800,4
B40,2025-00,3600530847914,B2118802,B2118800,6
B40,2025-01,3600530847914,B2118802,B2118800,23
B40,2025-02,3600530847914,B2118802,B2118800,25
B40,2025-03,3600530847914,B2118802,B2118800,23
B40,2025-04,3600530847914,B2118802,B2118800,25
B40,2025-05,3600530847914,B2118802,B2118800,13
B40,2025-06,3600530847914,B2118802,B2118800,10
B40,2025-07,3600530847914,B2118802,B2118800,4
B40,2025-08,3600530847914,B2118802,B2118800,3
B40,2025-09,3600530847914,B2118802,B2118800,11
B40,2025-10,3600530847914,B2118802,B2118800,4
B40,2025-15,3600530847914,B2118802,B2118800,3
B40,2025-16,3600530847914,B2118802,B2118800,3
B40,2025-17,3600530847914,B2118802,B2118800,6
B40,2024-18,3600531089795,YFR10098,B2458801,8
B40,2024-19,3600531089795,YFR10098,B2458801,9
B40,2024-20,3600531089795,YFR10098,B2458801,3
B40,2024-21,3600531089795,YFR10098,B2458801,7
B40,2024-22,3600531089795,YFR10098,B2458801,8
B40,2024-23,3600531089795,YFR10098,B2458801,4
B40,2024-24,3600531089795,YFR10098,B2458801,20
B40,2024-25,3600531089795,YFR10098,B2458801,14
B40,2024-26,3600531089795,YFR10098,B2458801,41
B40,2024-27,3600531089795,YFR10098,B2458801,26
B40,2024-28,3600531089795,YFR10098,B2458801,25
B40,2024-29,3600531089795,YFR10098,B2458801,14
B40,2024-30,3600531089795,YFR10098,B2458801,3
B40,2024-31,3600531089795,YFR10098,B2458801,1
B40,2024-32,3600531089795,YFR10098,B2458801,1
B40,2024-33,3600531089795,YFR10098,B2458801,3
B40,2024-34,3600531089795,YFR10098,B2458801,4
B40,2024-35,3600531089795,YFR10098,B2458801,7
B40,2024-36,3600531089795,YFR10098,B2458801,11
B40,2024-37,3600531089795,YFR10098,B2458801,9
B40,2024-38,3600531089795,YFR10098,B2458801,8
B40,2024-39,3600531089795,YFR10098,B2458801,4
B40,2024-40,3600531089795,YFR10098,B2458801,11
B40,2024-41,3600531089795,YFR10098,B2458801,8
B40,2024-42,3600531089795,YFR10098,B2458801,5
B40,2024-43,3600531089795,YFR10098,B2458801,7
B40,2024-44,3600531089795,YFR10098,B2458801,10
B40,2024-45,3600531089795,YFR10098,B2458801,8
B40,2024-46,3600531089795,YFR10098,B2458801,3
B40,2024-47,3600531089795,YFR10098,B2458801,7
B40,2024-48,3600531089795,YFR10098,B2458801,18
B40,2024-49,3600531089795,YFR10098,B2458801,18
B40,2024-50,3600531089795,YFR10098,B2458801,11
B40,2024-51,3600531089795,YFR10098,B2458801,11
B40,2024-52,3600531089795,YFR10098,B2458801,11
B40,2024-53,3600531089795,YFR10098,B2458801,3
B40,2025-00,3600531089795,YFR10098,B2458801,2
B40,2025-01,3600531089795,YFR10098,B2458801,24
B40,2025-03,3600531089795,YFR10098,B2458801,15
B40,2025-04,3600531089795,YFR10098,B2458801,18
B40,2025-05,3600531089795,YFR10098,B2458801,7
B40,2025-07,3600531089795,YFR10098,B2458801,2
B40,2025-08,3600531089795,YFR10098,B2458801,5
B40,2025-09,3600531089795,YFR10098,B2458801,8
B40,2025-10,3600531089795,YFR10098,B2458801,4
B40,2025-11,3600531089795,YFR10098,B2458801,6
B40,2025-12,3600531089795,YFR10098,B2458801,1
B40,2025-13,3600531089795,YFR10098,B2458801,7
B40,2025-14,3600531089795,YFR10098,B2458801,7
B40,2025-15,3600531089795,YFR10098,B2458801,7
B40,2025-16,3600531089795,YFR10098,B2458801,5
B40,2025-18,3600531089795,YFR10098,B2458801,15
B40,2024-23,800897085605,K2387705,K2387700,5
B40,2024-24,800897085605,K2387705,K2387700,13
B40,2024-25,800897085605,K2387705,K2387700,9
B40,2024-26,800897085605,K2387705,K2387700,29
B40,2024-27,800897085605,K2387705,K2387700,45
B40,2024-28,800897085605,K2387705,K2387700,29
B40,2024-29,800897085605,K2387705,K2387700,26
B40,2024-30,800897085605,K2387705,K2387700,14
B40,2024-31,800897085605,K2387705,K2387700,9
B40,2024-32,800897085605,K2387705,K2387700,10
B40,2024-33,800897085605,K2387705,K2387700,14
B40,2024-34,800897085605,K2387705,K2387700,10
B40,2024-35,800897085605,K2387705,K2387700,4
B40,2024-36,800897085605,K2387705,K2387700,8
B40,2024-37,800897085605,K2387705,K2387700,3
B40,2024-38,800897085605,K2387705,K2387700,6
B40,2024-39,800897085605,K2387705,K2387700,6
B40,2024-40,800897085605,K2387705,K2387700,10
B40,2024-41,800897085605,K2387705,K2387700,5
B40,2024-42,800897085605,K2387705,K2387700,6
B40,2024-43,800897085605,K2387705,K2387700,14
B40,2024-44,800897085605,K2387705,K2387700,20
B40,2024-45,800897085605,K2387705,K2387700,11
B40,2024-46,800897085605,K2387705,K2387700,10
B40,2024-47,800897085605,K2387705,K2387700,23
B40,2024-48,800897085605,K2387705,K2387700,63
B40,2024-49,800897085605,K2387705,K2387700,25
B40,2024-50,800897085605,K2387705,K2387700,20
B40,2024-51,800897085605,K2387705,K2387700,31
B40,2024-52,800897085605,K2387705,K2387700,27
B40,2024-53,800897085605,K2387705,K2387700,6
B40,2025-00,800897085605,K2387705,K2387700,3
B40,2025-01,800897085605,K2387705,K2387700,23
B40,2025-02,800897085605,K2387705,K2387700,30
B40,2025-03,800897085605,K2387705,K2387700,18
B40,2025-04,800897085605,K2387705,K2387700,19
B40,2025-05,800897085605,K2387705,K2387700,8
B40,2025-06,800897085605,K2387705,K2387700,7
B40,2025-07,800897085605,K2387705,K2387700,7
B40,2025-08,800897085605,K2387705,K2387700,12
B40,2025-09,800897085605,K2387705,K2387700,9
B40,2025-10,800897085605,K2387705,K2387700,19
B40,2025-11,800897085605,K2387705,K2387700,11
B40,2025-12,800897085605,K2387705,K2387700,16
B40,2025-13,800897085605,K2387705,K2387700,15
B40,2025-14,800897085605,K2387705,K2387700,15
B40,2025-15,800897085605,K2387705,K2387700,11
B40,2025-16,800897085605,K2387705,K2387700,9
B40,2025-17,800897085605,K2387705,K2387700,9
B40,2025-18,800897085605,K2387705,K2387700,18
B40,2025-19,800897085605,K2387705,K2387700,3
B40,2024-18,800897123277,K4009608,K4009600,4
B40,2024-19,800897123277,K4009608,K4009600,9
B40,2024-20,800897123277,K4009608,K4009600,8
B40,2024-21,800897123277,K4009608,K4009600,4
B40,2024-22,800897123277,K4009608,K4009600,4
B40,2024-23,800897123277,K4009608,K4009600,2
B40,2024-24,800897123277,K4009608,K4009600,2
B40,2024-25,800897123277,K4009608,K4009600,3
B40,2024-26,800897123277,K4009608,K4009600,6
B40,2024-27,800897123277,K4009608,K4009600,5
B40,2024-28,800897123277,K4009608,K4009600,3
B40,2024-29,800897123277,K4009608,K4009600,3
B40,2024-30,800897123277,K4009608,K4009600,6
B40,2024-31,800897123277,K4009608,K4009600,3
B40,2024-32,800897123277,K4009608,K4009600,1
B40,2024-33,800897123277,K4009608,K4009600,1
B40,2024-35,800897123277,K4009608,K4009600,2
B40,2024-36,800897123277,K4009608,K4009600,4
B40,2024-39,800897123277,K4009608,K4009600,1
B40,2024-40,800897123277,K4009608,K4009600,3
B40,2024-41,800897123277,K4009608,K4009600,4
B40,2024-42,800897123277,K4009608,K4009600,3
B40,2024-43,800897123277,K4009608,K4009600,2
B40,2024-44,800897123277,K4009608,K4009600,4
B40,2024-45,800897123277,K4009608,K4009600,4
B40,2024-46,800897123277,K4009608,K4009600,2
B40,2024-47,800897123277,K4009608,K4009600,7
B40,2024-48,800897123277,K4009608,K4009600,13
B40,2024-49,800897123277,K4009608,K4009600,6
B40,2024-50,800897123277,K4009608,K4009600,4
B40,2024-51,800897123277,K4009608,K4009600,1
B40,2024-52,800897123277,K4009608,K4009600,5
B40,2024-53,800897123277,K4009608,K4009600,1
B40,2025-01,800897123277,K4009608,K4009600,1
B40,2025-07,800897123277,K4009608,K4009600,4
B40,2025-09,800897123277,K4009608,K4009600,2
B40,2025-10,800897123277,K4009608,K4009600,1
B40,2025-11,800897123277,K4009608,K4009600,2
B40,2025-13,800897123277,K4009608,K4009600,2
B40,2025-15,800897123277,K4009608,K4009600,3
B40,2025-16,800897123277,K4009608,K4009600,2
B40,2025-17,800897123277,K4009608,K4009600,1
B40,2025-18,800897123277,K4009608,K4009600,3
B40,2025-19,800897123277,K4009608,K4009600,1
B40,2024-18,800897182618,K3445202,K3445200,5
B40,2024-19,800897182618,K3445202,K3445200,9
B40,2024-20,800897182618,K3445202,K3445200,10
B40,2024-21,800897182618,K3445202,K3445200,4
B40,2024-22,800897182618,K3445202,K3445200,3
B40,2024-23,800897182618,K3445202,K3445200,5
B40,2024-24,800897182618,K3445202,K3445200,7
B40,2024-25,800897182618,K3445202,K3445200,4
B40,2024-26,800897182618,K3445202,K3445200,18
B40,2024-27,800897182618,K3445202,K3445200,17
B40,2024-28,800897182618,K3445202,K3445200,23
B40,2024-29,800897182618,K3445202,K3445200,27
B40,2024-30,800897182618,K3445202,K3445200,6
B40,2024-31,800897182618,K3445202,K3445200,1
B40,2024-32,800897182618,K3445202,K3445200,1
B40,2024-33,800897182618,K3445202,K3445200,6
B40,2024-34,800897182618,K3445202,K3445200,2
B40,2024-35,800897182618,K3445202,K3445200,2
B40,2024-36,800897182618,K3445202,K3445200,6
B40,2024-37,800897182618,K3445202,K3445200,8
B40,2024-38,800897182618,K3445202,K3445200,3
B40,2024-39,800897182618,K3445202,K3445200,4
B40,2024-40,800897182618,K3445202,K3445200,5
B40,2024-41,800897182618,K3445202,K3445200,8
B40,2024-42,800897182618,K3445202,K3445200,2
B40,2024-43,800897182618,K3445202,K3445200,6
B40,2024-44,800897182618,K3445202,K3445200,10
B40,2024-45,800897182618,K3445202,K3445200,3
B40,2024-46,800897182618,K3445202,K3445200,2
B40,2024-48,800897182618,K3445202,K3445200,1
B40,2024-53,800897182618,K3445202,K3445200,4
B40,2025-00,800897182618,K3445202,K3445200,2
B40,2025-01,800897182618,K3445202,K3445200,1
B40,2025-03,800897182618,K3445202,K3445200,1
B40,2025-04,800897182618,K3445202,K3445200,7
B40,2025-05,800897182618,K3445202,K3445200,3
B40,2025-06,800897182618,K3445202,K3445200,1
B40,2025-07,800897182618,K3445202,K3445200,1
B40,2025-14,800897182618,K3445202,K3445200,2
B40,2025-15,800897182618,K3445202,K3445200,5
B40,2025-16,800897182618,K3445202,K3445200,4
B40,2025-17,800897182618,K3445202,K3445200,8
B40,2025-18,800897182618,K3445202,K3445200,3
B40,2024-18,800897192303,K3611201,K3611200,2
B40,2024-19,800897192303,K3611201,K3611200,8
B40,2024-20,800897192303,K3611201,K3611200,9
B40,2024-21,800897192303,K3611201,K3611200,4
B40,2024-22,800897192303,K3611201,K3611200,6
B40,2024-23,800897192303,K3611201,K3611200,3
B40,2024-24,800897192303,K3611201,K3611200,9
B40,2024-25,800897192303,K3611201,K3611200,10
B40,2024-26,800897192303,K3611201,K3611200,8
B40,2024-27,800897192303,K3611201,K3611200,16
B40,2024-28,800897192303,K3611201,K3611200,15
B40,2024-29,800897192303,K3611201,K3611200,11
B40,2024-30,800897192303,K3611201,K3611200,6
B40,2024-31,800897192303,K3611201,K3611200,6
B40,2024-32,800897192303,K3611201,K3611200,3
B40,2024-33,800897192303,K3611201,K3611200,3
B40,2024-34,800897192303,K3611201,K3611200,4
B40,2024-35,800897192303,K3611201,K3611200,7
B40,2024-36,800897192303,K3611201,K3611200,2
B40,2024-37,800897192303,K3611201,K3611200,6
B40,2024-38,800897192303,K3611201,K3611200,1
B40,2024-39,800897192303,K3611201,K3611200,1
B40,2024-40,800897192303,K3611201,K3611200,5
B40,2024-41,800897192303,K3611201,K3611200,3
B40,2024-42,800897192303,K3611201,K3611200,5
B40,2024-43,800897192303,K3611201,K3611200,4
B40,2024-44,800897192303,K3611201,K3611200,4
B40,2024-45,800897192303,K3611201,K3611200,1
B40,2024-46,800897192303,K3611201,K3611200,5
B40,2024-47,800897192303,K3611201,K3611200,11
B40,2024-48,800897192303,K3611201,K3611200,30
B40,2024-49,800897192303,K3611201,K3611200,7
B40,2024-50,800897192303,K3611201,K3611200,3
B40,2024-51,800897192303,K3611201,K3611200,8
B40,2024-52,800897192303,K3611201,K3611200,6
B40,2024-53,800897192303,K3611201,K3611200,2
B40,2025-00,800897192303,K3611201,K3611200,5
B40,2025-01,800897192303,K3611201,K3611200,9
B40,2025-02,800897192303,K3611201,K3611200,9
B40,2025-03,800897192303,K3611201,K3611200,6
B40,2025-04,800897192303,K3611201,K3611200,8
B40,2025-05,800897192303,K3611201,K3611200,3
B40,2025-06,800897192303,K3611201,K3611200,4
B40,2025-07,800897192303,K3611201,K3611200,3
B40,2024-18,800897225254,K5230200,K5230200,3
B40,2024-19,800897225254,K5230200,K5230200,7
B40,2024-20,800897225254,K5230200,K5230200,10
B40,2024-21,800897225254,K5230200,K5230200,5
B40,2024-22,800897225254,K5230200,K5230200,3
B40,2024-23,800897225254,K5230200,K5230200,1
B40,2024-24,800897225254,K5230200,K5230200,2
B40,2024-25,800897225254,K5230200,K5230200,2
B40,2024-26,800897225254,K5230200,K5230200,11
B40,2024-27,800897225254,K5230200,K5230200,13
B40,2024-28,800897225254,K5230200,K5230200,10
B40,2024-29,800897225254,K5230200,K5230200,7
B40,2024-30,800897225254,K5230200,K5230200,3
B40,2024-31,800897225254,K5230200,K5230200,1
B40,2024-34,800897225254,K5230200,K5230200,3
B40,2024-35,800897225254,K5230200,K5230200,1
B40,2024-36,800897225254,K5230200,K5230200,6
B40,2024-37,800897225254,K5230200,K5230200,5
B40,2024-38,800897225254,K5230200,K5230200,3
B40,2024-40,800897225254,K5230200,K5230200,3
B40,2024-41,800897225254,K5230200,K5230200,5
B40,2024-43,800897225254,K5230200,K5230200,4
B40,2024-44,800897225254,K5230200,K5230200,4
B40,2024-45,800897225254,K5230200,K5230200,1
B40,2024-46,800897225254,K5230200,K5230200,1
B40,2024-47,800897225254,K5230200,K5230200,4
B40,2024-48,800897225254,K5230200,K5230200,16
B40,2024-49,800897225254,K5230200,K5230200,5
B40,2024-50,800897225254,K5230200,K5230200,3
B40,2024-51,800897225254,K5230200,K5230200,8
B40,2024-52,800897225254,K5230200,K5230200,4
B40,2024-53,800897225254,K5230200,K5230200,2
B40,2025-00,800897225254,K5230200,K5230200,1
B40,2025-01,800897225254,K5230200,K5230200,8
B40,2025-02,800897225254,K5230200,K5230200,7
B40,2025-03,800897225254,K5230200,K5230200,12
B40,2025-04,800897225254,K5230200,K5230200,14
B40,2025-05,800897225254,K5230200,K5230200,4
B40,2025-06,800897225254,K5230200,K5230200,4
B40,2025-07,800897225254,K5230200,K5230200,4
B40,2025-09,800897225254,K5230200,K5230200,4
B40,2025-10,800897225254,K5230200,K5230200,3
B40,2025-11,800897225254,K5230200,K5230200,3
B40,2025-12,800897225254,K5230200,K5230200,3
B40,2025-13,800897225254,K5230200,K5230200,1
B40,2025-14,800897225254,K5230200,K5230200,8
B40,2025-15,800897225254,K5230200,K5230200,4
B40,2025-16,800897225254,K5230200,K5230200,5
B40,2025-17,800897225254,K5230200,K5230200,5
B40,2025-18,800897225254,K5230200,K5230200,8
B40,2025-19,800897225254,K5230200,K5230200,1
B40,2024-18,800897846008,K4262104,K4262100,31
B40,2024-19,800897846008,K4262104,K4262100,43
B40,2024-20,800897846008,K4262104,K4262100,34
B40,2024-21,800897846008,K4262104,K4262100,34
B40,2024-22,800897846008,K4262104,K4262100,32
B40,2024-23,800897846008,K4262104,K4262100,27
B40,2024-24,800897846008,K4262104,K4262100,31
B40,2024-25,800897846008,K4262104,K4262100,24
B40,2024-26,800897846008,K4262104,K4262100,78
B40,2024-27,800897846008,K4262104,K4262100,99
B40,2024-28,800897846008,K4262104,K4262100,75
B40,2024-29,800897846008,K4262104,K4262100,35
B40,2024-30,800897846008,K4262104,K4262100,15
B40,2024-31,800897846008,K4262104,K4262100,32
B40,2024-32,800897846008,K4262104,K4262100,32
B40,2024-33,800897846008,K4262104,K4262100,17
B40,2024-34,800897846008,K4262104,K4262100,16
B40,2024-35,800897846008,K4262104,K4262100,21
B40,2024-36,800897846008,K4262104,K4262100,18
B40,2024-37,800897846008,K4262104,K4262100,10
B40,2024-38,800897846008,K4262104,K4262100,4
B40,2024-39,800897846008,K4262104,K4262100,12
B40,2024-40,800897846008,K4262104,K4262100,15
B40,2024-41,800897846008,K4262104,K4262100,14
B40,2024-42,800897846008,K4262104,K4262100,6
B40,2024-43,800897846008,K4262104,K4262100,16
B40,2024-44,800897846008,K4262104,K4262100,30
B40,2024-45,800897846008,K4262104,K4262100,17
B40,2024-47,800897846008,K4262104,K4262100,1
B40,2024-50,800897846008,K4262104,K4262100,8
B40,2024-51,800897846008,K4262104,K4262100,14
B40,2024-52,800897846008,K4262104,K4262100,14
B40,2024-53,800897846008,K4262104,K4262100,7
B40,2025-00,800897846008,K4262104,K4262100,7
B40,2025-01,800897846008,K4262104,K4262100,17
B40,2025-02,800897846008,K4262104,K4262100,15
B40,2025-03,800897846008,K4262104,K4262100,10
B40,2025-04,800897846008,K4262104,K4262100,20
B40,2025-05,800897846008,K4262104,K4262100,5
B40,2025-06,800897846008,K4262104,K4262100,6
B40,2025-07,800897846008,K4262104,K4262100,8
B40,2025-08,800897846008,K4262104,K4262100,8
B40,2025-09,800897846008,K4262104,K4262100,6
B40,2025-11,800897846008,K4262104,K4262100,4
B40,2025-12,800897846008,K4262104,K4262100,11
B40,2025-13,800897846008,K4262104,K4262100,2
B40,2025-14,800897846008,K4262104,K4262100,4
B40,2025-18,800897846008,K4262104,K4262100,1
B50,2024-18,30152540,AA533100,AA532800,26
B50,2024-19,30152540,AA533100,AA532800,34
B50,2024-20,30152540,AA533100,AA532800,11
B50,2024-21,30152540,AA533100,AA532800,4
B50,2024-22,30152540,AA533100,AA532800,8
B50,2024-23,30152540,AA533100,AA532800,6
B50,2024-24,30152540,AA533100,AA532800,18
B50,2024-25,30152540,AA533100,AA532800,2
B50,2024-26,30152540,AA533100,AA532800,15
B50,2024-27,30152540,AA533100,AA532800,11
B50,2024-28,30152540,AA533100,AA532800,6
B50,2024-29,30152540,AA533100,AA532800,2
B50,2024-30,30152540,AA533100,AA532800,1
B50,2024-31,30152540,AA533100,AA532800,2
B50,2024-32,30152540,AA533100,AA532800,8
B50,2024-33,30152540,AA533100,AA532800,5
B50,2024-34,30152540,AA533100,AA532800,3
B50,2024-35,30152540,AA533100,AA532800,11
B50,2024-36,30152540,AA533100,AA532800,74
B50,2024-37,30152540,AA533100,AA532800,9
B50,2024-38,30152540,AA533100,AA532800,8
B50,2024-39,30152540,AA533100,AA532800,7
B50,2024-40,30152540,AA533100,AA532800,4
B50,2024-41,30152540,AA533100,AA532800,3
B50,2024-42,30152540,AA533100,AA532800,6
B50,2024-43,30152540,AA533100,AA532800,8
B50,2024-44,30152540,AA533100,AA532800,11
B50,2024-45,30152540,AA533100,AA532800,7
B50,2024-46,30152540,AA533100,AA532800,7
B50,2024-47,30152540,AA533100,AA532800,8
B50,2024-48,30152540,AA533100,AA532800,37
B50,2024-49,30152540,AA533100,AA532800,14
B50,2024-50,30152540,AA533100,AA532800,8
B50,2024-51,30152540,AA533100,AA532800,6
B50,2024-52,30152540,AA533100,AA532800,25
B50,2024-53,30152540,AA533100,AA532800,5
B50,2025-00,30152540,AA533100,AA532800,9
B50,2025-01,30152540,AA533100,AA532800,9
B50,2025-02,30152540,AA533100,AA532800,8
B50,2025-03,30152540,AA533100,AA532800,10
B50,2025-04,30152540,AA533100,AA532800,7
B50,2025-05,30152540,AA533100,AA532800,6
B50,2025-06,30152540,AA533100,AA532800,6
B50,2025-07,30152540,AA533100,AA532800,11
B50,2025-08,30152540,AA533100,AA532800,8
B50,2025-09,30152540,AA533100,AA532800,8
B50,2025-10,30152540,AA533100,AA532800,13
B50,2025-11,30152540,AA533100,AA532800,8
B50,2025-12,30152540,AA533100,AA532800,15
B50,2025-13,30152540,AA533100,AA532800,11
B50,2025-14,30152540,AA533100,AA532800,9
B50,2025-15,30152540,AA533100,AA532800,8
B50,2025-16,30152540,AA533100,AA532800,6
B50,2025-17,30152540,AA533100,AA532800,11
B50,2025-18,30152540,AA533100,AA532800,10
B50,2024-22,30161467,B3471101,B3471100,3
B50,2024-23,30161467,B3471101,B3471100,5
B50,2024-24,30161467,B3471101,B3471100,5
B50,2024-25,30161467,B3471101,B3471100,3
B50,2024-26,30161467,B3471101,B3471100,7
B50,2024-27,30161467,B3471101,B3471100,2
B50,2024-28,30161467,B3471101,B3471100,34
B50,2024-29,30161467,B3471101,B3471100,38
B50,2024-30,30161467,B3471101,B3471100,10
B50,2024-31,30161467,B3471101,B3471100,4
B50,2024-33,30161467,B3471101,B3471100,1
B50,2024-34,30161467,B3471101,B3471100,3
B50,2024-35,30161467,B3471101,B3471100,5
B50,2024-36,30161467,B3471101,B3471100,5
B50,2024-37,30161467,B3471101,B3471100,1
B50,2024-38,30161467,B3471101,B3471100,2
B50,2024-39,30161467,B3471101,B3471100,5
B50,2024-40,30161467,B3471101,B3471100,11
B50,2024-41,30161467,B3471101,B3471100,7
B50,2024-42,30161467,B3471101,B3471100,9
B50,2024-43,30161467,B3471101,B3471100,12
B50,2024-44,30161467,B3471101,B3471100,16
B50,2024-45,30161467,B3471101,B3471100,6
B50,2024-46,30161467,B3471101,B3471100,6
B50,2024-47,30161467,B3471101,B3471100,14
B50,2024-48,30161467,B3471101,B3471100,29
B50,2024-49,30161467,B3471101,B3471100,10
B50,2024-50,30161467,B3471101,B3471100,6
B50,2024-51,30161467,B3471101,B3471100,6
B50,2024-52,30161467,B3471101,B3471100,12
B50,2025-00,30161467,B3471101,B3471100,5
B50,2025-01,30161467,B3471101,B3471100,19
B50,2025-02,30161467,B3471101,B3471100,10
B50,2025-03,30161467,B3471101,B3471100,6
B50,2025-04,30161467,B3471101,B3471100,18
B50,2025-05,30161467,B3471101,B3471100,8
B50,2025-06,30161467,B3471101,B3471100,6
B50,2025-07,30161467,B3471101,B3471100,3
B50,2025-08,30161467,B3471101,B3471100,4
B50,2025-09,30161467,B3471101,B3471100,12
B50,2025-10,30161467,B3471101,B3471100,14
B50,2025-11,30161467,B3471101,B3471100,22
B50,2025-12,30161467,B3471101,B3471100,21
B50,2025-13,30161467,B3471101,B3471100,20
B50,2025-14,30161467,B3471101,B3471100,4
B50,2025-15,30161467,B3471101,B3471100,14
B50,2025-16,30161467,B3471101,B3471100,16
B50,2025-17,30161467,B3471101,B3471100,20
B50,2025-18,30161467,B3471101,B3471100,10
B50,2024-18,3600530847914,B2118802,B2118800,12
B50,2024-19,3600530847914,B2118802,B2118800,9
B50,2024-20,3600530847914,B2118802,B2118800,3
B50,2024-21,3600530847914,B2118802,B2118800,4
B50,2024-22,3600530847914,B2118802,B2118800,3
B50,2024-23,3600530847914,B2118802,B2118800,1
B50,2024-24,3600530847914,B2118802,B2118800,21
B50,2024-25,3600530847914,B2118802,B2118800,12
B50,2024-26,3600530847914,B2118802,B2118800,55
B50,2024-27,3600530847914,B2118802,B2118800,68
B50,2024-28,3600530847914,B2118802,B2118800,61
B50,2024-29,3600530847914,B2118802,B2118800,70
B50,2024-30,3600530847914,B2118802,B2118800,27
B50,2024-31,3600530847914,B2118802,B2118800,14
B50,2024-32,3600530847914,B2118802,B2118800,7
B50,2024-33,3600530847914,B2118802,B2118800,10
B50,2024-34,3600530847914,B2118802,B2118800,10
B50,2024-35,3600530847914,B2118802,B2118800,31
B50,2024-36,3600530847914,B2118802,B2118800,9
B50,2024-37,3600530847914,B2118802,B2118800,9
B50,2024-38,3600530847914,B2118802,B2118800,6
B50,2024-39,3600530847914,B2118802,B2118800,9
B50,2024-40,3600530847914,B2118802,B2118800,13
B50,2024-41,3600530847914,B2118802,B2118800,10
B50,2024-42,3600530847914,B2118802,B2118800,17
B50,2024-43,3600530847914,B2118802,B2118800,11
B50,2024-44,3600530847914,B2118802,B2118800,20
B50,2024-45,3600530847914,B2118802,B2118800,7
B50,2024-46,3600530847914,B2118802,B2118800,19
B50,2024-47,3600530847914,B2118802,B2118800,36
B50,2024-48,3600530847914,B2118802,B2118800,42
B50,2024-49,3600530847914,B2118802,B2118800,37
B50,2024-50,3600530847914,B2118802,B2118800,31
B50,2024-51,3600530847914,B2118802,B2118800,26
B50,2024-52,3600530847914,B2118802,B2118800,26
B50,2024-53,3600530847914,B2118802,B2118800,2
B50,2025-00,3600530847914,B2118802,B2118800,6
B50,2025-01,3600530847914,B2118802,B2118800,62
B50,2025-02,3600530847914,B2118802,B2118800,34
B50,2025-03,3600530847914,B2118802,B2118800,40
B50,2025-04,3600530847914,B2118802,B2118800,31
B50,2025-05,3600530847914,B2118802,B2118800,16
B50,2025-06,3600530847914,B2118802,B2118800,6
B50,2025-07,3600530847914,B2118802,B2118800,5
B50,2025-08,3600530847914,B2118802,B2118800,2
B50,2025-09,3600530847914,B2118802,B2118800,6
B50,2025-10,3600530847914,B2118802,B2118800,3
B50,2025-11,3600530847914,B2118802,B2118800,5
B50,2025-12,3600530847914,B2118802,B2118800,10
B50,2025-13,3600530847914,B2118802,B2118800,4
B50,2025-14,3600530847914,B2118802,B2118800,13
B50,2025-15,3600530847914,B2118802,B2118800,14
B50,2025-16,3600530847914,B2118802,B2118800,9
B50,2025-17,3600530847914,B2118802,B2118800,6
B50,2025-18,3600530847914,B2118802,B2118800,10
B50,2025-19,3600530847914,B2118802,B2118800,1
B50,2024-18,3600531089795,YFR10098,B2458801,4
B50,2024-19,3600531089795,YFR10098,B2458801,15
B50,2024-20,3600531089795,YFR10098,B2458801,5
B50,2024-21,3600531089795,YFR10098,B2458801,7
B50,2024-22,3600531089795,YFR10098,B2458801,5
B50,2024-23,3600531089795,YFR10098,B2458801,9
B50,2024-24,3600531089795,YFR10098,B2458801,18
B50,2024-25,3600531089795,YFR10098,B2458801,10
B50,2024-26,3600531089795,YFR10098,B2458801,43
B50,2024-27,3600531089795,YFR10098,B2458801,50
B50,2024-28,3600531089795,YFR10098,B2458801,51
B50,2024-29,3600531089795,YFR10098,B2458801,33
B50,2024-30,3600531089795,YFR10098,B2458801,6
B50,2024-31,3600531089795,YFR10098,B2458801,9
B50,2024-32,3600531089795,YFR10098,B2458801,2
B50,2024-33,3600531089795,YFR10098,B2458801,5
B50,2024-34,3600531089795,YFR10098,B2458801,9
B50,2024-35,3600531089795,YFR10098,B2458801,6
B50,2024-36,3600531089795,YFR10098,B2458801,2
B50,2025-13,3600531089795,YFR10098,B2458801,2
B50,2025-14,3600531089795,YFR10098,B2458801,3
B50,2025-15,3600531089795,YFR10098,B2458801,2
B50,2025-16,3600531089795,YFR10098,B2458801,4
B50,2025-17,3600531089795,YFR10098,B2458801,3
B50,2025-18,3600531089795,YFR10098,B2458801,14
B50,2024-24,800897085605,K2387705,K2387700,23
B50,2024-25,800897085605,K2387705,K2387700,37
B50,2024-26,800897085605,K2387705,K2387700,36
B50,2024-27,800897085605,K2387705,K2387700,30
B50,2024-28,800897085605,K2387705,K2387700,30
B50,2024-29,800897085605,K2387705,K2387700,31
B50,2024-30,800897085605,K2387705,K2387700,34
B50,2024-31,800897085605,K2387705,K2387700,22
B50,2024-32,800897085605,K2387705,K2387700,26
B50,2024-33,800897085605,K2387705,K2387700,24
B50,2024-34,800897085605,K2387705,K2387700,13
B50,2024-35,800897085605,K2387705,K2387700,33
B50,2024-36,800897085605,K2387705,K2387700,24
B50,2024-37,800897085605,K2387705,K2387700,18
B50,2024-38,800897085605,K2387705,K2387700,12
B50,2024-39,800897085605,K2387705,K2387700,14
B50,2024-40,800897085605,K2387705,K2387700,28
B50,2024-41,800897085605,K2387705,K2387700,21
B50,2024-42,800897085605,K2387705,K2387700,20
B50,2024-43,800897085605,K2387705,K2387700,14
B50,2024-44,800897085605,K2387705,K2387700,25
B50,2024-45,800897085605,K2387705,K2387700,18
B50,2024-46,800897085605,K2387705,K2387700,26
B50,2024-47,800897085605,K2387705,K2387700,43
B50,2024-48,800897085605,K2387705,K2387700,48
B50,2024-49,800897085605,K2387705,K2387700,7
B50,2024-50,800897085605,K2387705,K2387700,17
B50,2024-51,800897085605,K2387705,K2387700,17
B50,2024-52,800897085605,K2387705,K2387700,25
B50,2024-53,800897085605,K2387705,K2387700,1
B50,2025-00,800897085605,K2387705,K2387700,13
B50,2025-01,800897085605,K2387705,K2387700,14
B50,2025-02,800897085605,K2387705,K2387700,14
B50,2025-03,800897085605,K2387705,K2387700,14
B50,2025-04,800897085605,K2387705,K2387700,13
B50,2025-05,800897085605,K2387705,K2387700,9
B50,2025-06,800897085605,K2387705,K2387700,22
B50,2025-07,800897085605,K2387705,K2387700,23
B50,2025-08,800897085605,K2387705,K2387700,20
B50,2025-09,800897085605,K2387705,K2387700,16
B50,2025-10,800897085605,K2387705,K2387700,7
B50,2025-11,800897085605,K2387705,K2387700,32
B50,2025-12,800897085605,K2387705,K2387700,25
B50,2025-13,800897085605,K2387705,K2387700,18
B50,2025-14,800897085605,K2387705,K2387700,13
B50,2025-15,800897085605,K2387705,K2387700,18
B50,2025-16,800897085605,K2387705,K2387700,16
B50,2025-17,800897085605,K2387705,K2387700,7
B50,2025-18,800897085605,K2387705,K2387700,8
B50,2024-18,800897123277,K4009608,K4009600,6
B50,2024-19,800897123277,K4009608,K4009600,8
B50,2024-20,800897123277,K4009608,K4009600,11
B50,2024-21,800897123277,K4009608,K4009600,6
B50,2024-22,800897123277,K4009608,K4009600,1
B50,2024-23,800897123277,K4009608,K4009600,3
B50,2024-24,800897123277,K4009608,K4009600,3
B50,2024-25,800897123277,K4009608,K4009600,3
B50,2024-26,800897123277,K4009608,K4009600,4
B50,2024-27,800897123277,K4009608,K4009600,6
B50,2024-28,800897123277,K4009608,K4009600,1
B50,2024-29,800897123277,K4009608,K4009600,4
B50,2024-30,800897123277,K4009608,K4009600,2
B50,2024-31,800897123277,K4009608,K4009600,1
B50,2024-32,800897123277,K4009608,K4009600,1
B50,2024-33,800897123277,K4009608,K4009600,3
B50,2024-34,800897123277,K4009608,K4009600,2
B50,2024-36,800897123277,K4009608,K4009600,1
B50,2024-38,800897123277,K4009608,K4009600,2
B50,2024-39,800897123277,K4009608,K4009600,3
B50,2024-40,800897123277,K4009608,K4009600,2
B50,2024-41,800897123277,K4009608,K4009600,1
B50,2024-42,800897123277,K4009608,K4009600,6
B50,2024-43,800897123277,K4009608,K4009600,1
B50,2024-44,800897123277,K4009608,K4009600,2
B50,2024-45,800897123277,K4009608,K4009600,2
B50,2024-46,800897123277,K4009608,K4009600,1
B50,2024-47,800897123277,K4009608,K4009600,3
B50,2024-48,800897123277,K4009608,K4009600,4
B50,2024-49,800897123277,K4009608,K4009600,1
B50,2024-50,800897123277,K4009608,K4009600,2
B50,2024-51,800897123277,K4009608,K4009600,2
B50,2024-52,800897123277,K4009608,K4009600,6
B50,2024-53,800897123277,K4009608,K4009600,6
B50,2025-00,800897123277,K4009608,K4009600,0
B50,2025-01,800897123277,K4009608,K4009600,10
B50,2025-02,800897123277,K4009608,K4009600,6
B50,2025-03,800897123277,K4009608,K4009600,2
B50,2025-04,800897123277,K4009608,K4009600,11
B50,2025-05,800897123277,K4009608,K4009600,1
B50,2025-06,800897123277,K4009608,K4009600,3
B50,2025-07,800897123277,K4009608,K4009600,4
B50,2025-08,800897123277,K4009608,K4009600,2
B50,2025-09,800897123277,K4009608,K4009600,2
B50,2025-10,800897123277,K4009608,K4009600,3
B50,2025-12,800897123277,K4009608,K4009600,2
B50,2025-13,800897123277,K4009608,K4009600,2
B50,2025-15,800897123277,K4009608,K4009600,3
B50,2025-17,800897123277,K4009608,K4009600,3
B50,2025-18,800897123277,K4009608,K4009600,3
B50,2024-18,800897182618,K3445202,K3445200,2
B50,2024-19,800897182618,K3445202,K3445200,10
B50,2024-20,800897182618,K3445202,K3445200,8
B50,2024-21,800897182618,K3445202,K3445200,3
B50,2024-22,800897182618,K3445202,K3445200,6
B50,2024-23,800897182618,K3445202,K3445200,10
B50,2024-24,800897182618,K3445202,K3445200,5
B50,2024-25,800897182618,K3445202,K3445200,7
B50,2024-26,800897182618,K3445202,K3445200,14
B50,2024-27,800897182618,K3445202,K3445200,6
B50,2024-28,800897182618,K3445202,K3445200,17
B50,2024-29,800897182618,K3445202,K3445200,12
B50,2024-30,800897182618,K3445202,K3445200,8
B50,2024-31,800897182618,K3445202,K3445200,5
B50,2024-32,800897182618,K3445202,K3445200,5
B50,2024-33,800897182618,K3445202,K3445200,1
B50,2024-34,800897182618,K3445202,K3445200,4
B50,2024-35,800897182618,K3445202,K3445200,3
B50,2024-36,800897182618,K3445202,K3445200,3
B50,2024-37,800897182618,K3445202,K3445200,5
B50,2024-38,800897182618,K3445202,K3445200,4
B50,2024-39,800897182618,K3445202,K3445200,4
B50,2024-40,800897182618,K3445202,K3445200,5
B50,2024-41,800897182618,K3445202,K3445200,1
B50,2024-42,800897182618,K3445202,K3445200,5
B50,2024-43,800897182618,K3445202,K3445200,2
B50,2024-44,800897182618,K3445202,K3445200,5
B50,2024-45,800897182618,K3445202,K3445200,4
B50,2024-46,800897182618,K3445202,K3445200,1
B50,2024-47,800897182618,K3445202,K3445200,7
B50,2024-48,800897182618,K3445202,K3445200,14
B50,2024-49,800897182618,K3445202,K3445200,1
B50,2024-50,800897182618,K3445202,K3445200,6
B50,2024-51,800897182618,K3445202,K3445200,1
B50,2024-52,800897182618,K3445202,K3445200,5
B50,2024-53,800897182618,K3445202,K3445200,4
B50,2025-00,800897182618,K3445202,K3445200,3
B50,2025-01,800897182618,K3445202,K3445200,7
B50,2025-02,800897182618,K3445202,K3445200,4
B50,2025-03,800897182618,K3445202,K3445200,6
B50,2025-04,800897182618,K3445202,K3445200,11
B50,2025-05,800897182618,K3445202,K3445200,3
B50,2025-06,800897182618,K3445202,K3445200,4
B50,2025-07,800897182618,K3445202,K3445200,5
B50,2025-08,800897182618,K3445202,K3445200,5
B50,2025-09,800897182618,K3445202,K3445200,2
B50,2025-11,800897182618,K3445202,K3445200,3
B50,2025-12,800897182618,K3445202,K3445200,3
B50,2025-13,800897182618,K3445202,K3445200,4
B50,2025-14,800897182618,K3445202,K3445200,6
B50,2025-15,800897182618,K3445202,K3445200,14
B50,2025-16,800897182618,K3445202,K3445200,3
B50,2025-17,800897182618,K3445202,K3445200,5
B50,2025-18,800897182618,K3445202,K3445200,6
B50,2024-18,800897192303,K3611201,K3611200,15
B50,2024-19,800897192303,K3611201,K3611200,15
B50,2024-20,800897192303,K3611201,K3611200,7
B50,2024-21,800897192303,K3611201,K3611200,5
B50,2024-22,800897192303,K3611201,K3611200,7
B50,2024-23,800897192303,K3611201,K3611200,9
B50,2024-24,800897192303,K3611201,K3611200,13
B50,2024-25,800897192303,K3611201,K3611200,10
B50,2024-26,800897192303,K3611201,K3611200,30
B50,2024-27,800897192303,K3611201,K3611200,26
B50,2024-28,800897192303,K3611201,K3611200,22
B50,2024-29,800897192303,K3611201,K3611200,20
B50,2024-30,800897192303,K3611201,K3611200,12
B50,2024-31,800897192303,K3611201,K3611200,7
B50,2024-32,800897192303,K3611201,K3611200,4
B50,2024-33,800897192303,K3611201,K3611200,5
B50,2024-34,800897192303,K3611201,K3611200,5
B50,2024-35,800897192303,K3611201,K3611200,4
B50,2024-36,800897192303,K3611201,K3611200,4
B50,2024-37,800897192303,K3611201,K3611200,4
B50,2024-38,800897192303,K3611201,K3611200,7
B50,2024-39,800897192303,K3611201,K3611200,6
B50,2024-40,800897192303,K3611201,K3611200,5
B50,2024-41,800897192303,K3611201,K3611200,8
B50,2024-42,800897192303,K3611201,K3611200,8
B50,2024-43,800897192303,K3611201,K3611200,3
B50,2024-44,800897192303,K3611201,K3611200,7
B50,2024-45,800897192303,K3611201,K3611200,8
B50,2024-46,800897192303,K3611201,K3611200,4
B50,2024-47,800897192303,K3611201,K3611200,13
B50,2024-48,800897192303,K3611201,K3611200,23
B50,2024-49,800897192303,K3611201,K3611200,8
B50,2024-50,800897192303,K3611201,K3611200,10
B50,2024-51,800897192303,K3611201,K3611200,9
B50,2024-52,800897192303,K3611201,K3611200,9
B50,2024-53,800897192303,K3611201,K3611200,2
B50,2025-00,800897192303,K3611201,K3611200,6
B50,2025-01,800897192303,K3611201,K3611200,5
B50,2024-19,800897225254,K5230200,K5230200,4
B50,2024-20,800897225254,K5230200,K5230200,1
B50,2024-21,800897225254,K5230200,K5230200,2
B50,2024-22,800897225254,K5230200,K5230200,1
B50,2024-24,800897225254,K5230200,K5230200,2
B50,2024-25,800897225254,K5230200,K5230200,2
B50,2024-26,800897225254,K5230200,K5230200,5
B50,2024-27,800897225254,K5230200,K5230200,6
B50,2024-28,800897225254,K5230200,K5230200,4
B50,2024-29,800897225254,K5230200,K5230200,1
B50,2024-32,800897225254,K5230200,K5230200,3
B50,2024-33,800897225254,K5230200,K5230200,1
B50,2024-34,800897225254,K5230200,K5230200,2
B50,2024-35,800897225254,K5230200,K5230200,4
B50,2024-36,800897225254,K5230200,K5230200,4
B50,2024-37,800897225254,K5230200,K5230200,3
B50,2024-38,800897225254,K5230200,K5230200,2
B50,2024-39,800897225254,K5230200,K5230200,5
B50,2024-40,800897225254,K5230200,K5230200,2
B50,2024-41,800897225254,K5230200,K5230200,2
B50,2024-42,800897225254,K5230200,K5230200,3
B50,2024-43,800897225254,K5230200,K5230200,2
B50,2024-44,800897225254,K5230200,K5230200,4
B50,2024-45,800897225254,K5230200,K5230200,2
B50,2024-46,800897225254,K5230200,K5230200,3
B50,2024-47,800897225254,K5230200,K5230200,3
B50,2024-48,800897225254,K5230200,K5230200,10
B50,2024-49,800897225254,K5230200,K5230200,8
B50,2024-50,800897225254,K5230200,K5230200,2
B50,2024-51,800897225254,K5230200,K5230200,4
B50,2024-52,800897225254,K5230200,K5230200,7
B50,2024-53,800897225254,K5230200,K5230200,1
B50,2025-00,800897225254,K5230200,K5230200,5
B50,2025-01,800897225254,K5230200,K5230200,6
B50,2025-02,800897225254,K5230200,K5230200,5
B50,2025-03,800897225254,K5230200,K5230200,2
B50,2025-04,800897225254,K5230200,K5230200,5
B50,2025-07,800897225254,K5230200,K5230200,5
B50,2025-08,800897225254,K5230200,K5230200,1
B50,2025-09,800897225254,K5230200,K5230200,1
B50,2025-11,800897225254,K5230200,K5230200,2
B50,2025-12,800897225254,K5230200,K5230200,6
B50,2025-13,800897225254,K5230200,K5230200,4
B50,2025-15,800897225254,K5230200,K5230200,2
B50,2025-16,800897225254,K5230200,K5230200,3
B50,2025-17,800897225254,K5230200,K5230200,2
B50,2025-18,800897225254,K5230200,K5230200,13
B50,2024-18,800897846008,K4262104,K4262100,15
B50,2024-19,800897846008,K4262104,K4262100,28
B50,2024-20,800897846008,K4262104,K4262100,23
B50,2024-21,800897846008,K4262104,K4262100,31
B50,2024-22,800897846008,K4262104,K4262100,32
B50,2024-23,800897846008,K4262104,K4262100,38
B50,2024-24,800897846008,K4262104,K4262100,55
B50,2024-25,800897846008,K4262104,K4262100,52
B50,2024-26,800897846008,K4262104,K4262100,10
B50,2024-27,800897846008,K4262104,K4262100,47
B50,2024-28,800897846008,K4262104,K4262100,23
B50,2024-29,800897846008,K4262104,K4262100,63
B50,2024-30,800897846008,K4262104,K4262100,53
B50,2024-31,800897846008,K4262104,K4262100,39
B50,2024-32,800897846008,K4262104,K4262100,44
B50,2024-33,800897846008,K4262104,K4262100,25
B50,2024-34,800897846008,K4262104,K4262100,29
B50,2024-35,800897846008,K4262104,K4262100,35
B50,2024-36,800897846008,K4262104,K4262100,42
B50,2024-37,800897846008,K4262104,K4262100,28
B50,2024-38,800897846008,K4262104,K4262100,18
B50,2024-39,800897846008,K4262104,K4262100,9
B50,2024-40,800897846008,K4262104,K4262100,6
B50,2024-41,800897846008,K4262104,K4262100,14
B50,2024-43,800897846008,K4262104,K4262100,17
B50,2024-44,800897846008,K4262104,K4262100,11
B50,2024-45,800897846008,K4262104,K4262100,10
B50,2024-46,800897846008,K4262104,K4262100,8
B50,2024-47,800897846008,K4262104,K4262100,2
B50,2025-00,800897846008,K4262104,K4262100,1
B50,2025-01,800897846008,K4262104,K4262100,3
B50,2025-02,800897846008,K4262104,K4262100,2
B50,2025-03,800897846008,K4262104,K4262100,2
B50,2025-04,800897846008,K4262104,K4262100,3
B50,2025-05,800897846008,K4262104,K4262100,5
B50,2025-06,800897846008,K4262104,K4262100,6
B50,2025-07,800897846008,K4262104,K4262100,13
B50,2025-08,800897846008,K4262104,K4262100,7
B50,2025-09,800897846008,K4262104,K4262100,3
B50,2025-10,800897846008,K4262104,K4262100,7
B50,2025-11,800897846008,K4262104,K4262100,5
B50,2025-12,800897846008,K4262104,K4262100,8
B50,2025-13,800897846008,K4262104,K4262100,5
B50,2025-14,800897846008,K4262104,K4262100,16
B50,2025-15,800897846008,K4262104,K4262100,14
B50,2025-16,800897846008,K4262104,K4262100,8
B50,2025-17,800897846008,K4262104,K4262100,12
B50,2025-18,800897846008,K4262104,K4262100,19
B50,2025-19,800897846008,K4262104,K4262100,2
H00,2024-18,30152540,AA533100,AA532800,42
H00,2024-19,30152540,AA533100,AA532800,115
H00,2024-20,30152540,AA533100,AA532800,26
H00,2024-21,30152540,AA533100,AA532800,45
H00,2024-22,30152540,AA533100,AA532800,15
H00,2024-23,30152540,AA533100,AA532800,23
H00,2024-24,30152540,AA533100,AA532800,9
H00,2024-25,30152540,AA533100,AA532800,26
H00,2024-26,30152540,AA533100,AA532800,23
H00,2024-27,30152540,AA533100,AA532800,37
H00,2024-28,30152540,AA533100,AA532800,25
H00,2024-29,30152540,AA533100,AA532800,28
H00,2024-30,30152540,AA533100,AA532800,16
H00,2024-31,30152540,AA533100,AA532800,33
H00,2024-32,30152540,AA533100,AA532800,26
H00,2024-33,30152540,AA533100,AA532800,33
H00,2024-34,30152540,AA533100,AA532800,31
H00,2024-35,30152540,AA533100,AA532800,18
H00,2024-36,30152540,AA533100,AA532800,371
H00,2024-37,30152540,AA533100,AA532800,3
H00,2024-38,30152540,AA533100,AA532800,9
H00,2024-40,30152540,AA533100,AA532800,20
H00,2024-41,30152540,AA533100,AA532800,6
H00,2024-43,30152540,AA533100,AA532800,22
H00,2024-44,30152540,AA533100,AA532800,31
H00,2024-45,30152540,AA533100,AA532800,21
H00,2024-46,30152540,AA533100,AA532800,19
H00,2024-47,30152540,AA533100,AA532800,56
H00,2024-48,30152540,AA533100,AA532800,21
H00,2024-49,30152540,AA533100,AA532800,18
H00,2024-50,30152540,AA533100,AA532800,32
H00,2024-51,30152540,AA533100,AA532800,28
H00,2024-52,30152540,AA533100,AA532800,29
H00,2025-02,30152540,AA533100,AA532800,23
H00,2025-03,30152540,AA533100,AA532800,20
H00,2025-04,30152540,AA533100,AA532800,34
H00,2025-05,30152540,AA533100,AA532800,23
H00,2025-06,30152540,AA533100,AA532800,12
H00,2025-07,30152540,AA533100,AA532800,6
H00,2025-08,30152540,AA533100,AA532800,6
H00,2025-09,30152540,AA533100,AA532800,26
H00,2025-10,30152540,AA533100,AA532800,7
H00,2025-11,30152540,AA533100,AA532800,10
H00,2025-12,30152540,AA533100,AA532800,12
H00,2025-13,30152540,AA533100,AA532800,6
H00,2025-14,30152540,AA533100,AA532800,8
H00,2025-15,30152540,AA533100,AA532800,27
H00,2025-16,30152540,AA533100,AA532800,9
H00,2025-17,30152540,AA533100,AA532800,12
H00,2025-18,30152540,AA533100,AA532800,9
H00,2024-18,30161467,B3471101,B3471100,6
H00,2024-19,30161467,B3471101,B3471100,1
H00,2024-23,30161467,B3471101,B3471100,1
H00,2024-24,30161467,B3471101,B3471100,14
H00,2024-25,30161467,B3471101,B3471100,4
H00,2024-26,30161467,B3471101,B3471100,2
H00,2024-27,30161467,B3471101,B3471100,97
H00,2024-28,30161467,B3471101,B3471100,71
H00,2024-29,30161467,B3471101,B3471100,109
H00,2024-30,30161467,B3471101,B3471100,27
H00,2024-31,30161467,B3471101,B3471100,2
H00,2024-32,30161467,B3471101,B3471100,27
H00,2024-33,30161467,B3471101,B3471100,47
H00,2024-34,30161467,B3471101,B3471100,49
H00,2024-35,30161467,B3471101,B3471100,36
H00,2024-36,30161467,B3471101,B3471100,37
H00,2024-37,30161467,B3471101,B3471100,23
H00,2024-38,30161467,B3471101,B3471100,16
H00,2024-39,30161467,B3471101,B3471100,50
H00,2024-40,30161467,B3471101,B3471100,45
H00,2024-41,30161467,B3471101,B3471100,21
H00,2024-42,30161467,B3471101,B3471100,24
H00,2024-43,30161467,B3471101,B3471100,27
H00,2024-44,30161467,B3471101,B3471100,49
H00,2024-46,30161467,B3471101,B3471100,15
H00,2024-47,30161467,B3471101,B3471100,41
H00,2024-48,30161467,B3471101,B3471100,142
H00,2024-49,30161467,B3471101,B3471100,4
H00,2024-50,30161467,B3471101,B3471100,10
H00,2024-51,30161467,B3471101,B3471100,32
H00,2024-52,30161467,B3471101,B3471100,32
H00,2024-53,30161467,B3471101,B3471100,8
H00,2025-00,30161467,B3471101,B3471100,9
H00,2025-01,30161467,B3471101,B3471100,82
H00,2025-02,30161467,B3471101,B3471100,35
H00,2025-03,30161467,B3471101,B3471100,36
H00,2025-04,30161467,B3471101,B3471100,76
H00,2025-05,30161467,B3471101,B3471100,22
H00,2025-06,30161467,B3471101,B3471100,17
H00,2025-07,30161467,B3471101,B3471100,17
H00,2025-08,30161467,B3471101,B3471100,23
H00,2025-09,30161467,B3471101,B3471100,40
H00,2025-10,30161467,B3471101,B3471100,158
H00,2025-11,30161467,B3471101,B3471100,153
H00,2025-12,30161467,B3471101,B3471100,151
H00,2025-13,30161467,B3471101,B3471100,4
H00,2025-14,30161467,B3471101,B3471100,12
H00,2025-15,30161467,B3471101,B3471100,34
H00,2025-16,30161467,B3471101,B3471100,93
H00,2025-17,30161467,B3471101,B3471100,35
H00,2024-18,3600530847914,B2118802,B2118800,18
H00,2024-19,3600530847914,B2118802,B2118800,45
H00,2024-20,3600530847914,B2118802,B2118800,14
H00,2024-21,3600530847914,B2118802,B2118800,36
H00,2024-22,3600530847914,B2118802,B2118800,24
H00,2024-24,3600530847914,B2118802,B2118800,49
H00,2024-25,3600530847914,B2118802,B2118800,58
H00,2024-26,3600530847914,B2118802,B2118800,204
H00,2024-27,3600530847914,B2118802,B2118800,139
H00,2024-28,3600530847914,B2118802,B2118800,181
H00,2024-29,3600530847914,B2118802,B2118800,200
H00,2024-30,3600530847914,B2118802,B2118800,81
H00,2024-31,3600530847914,B2118802,B2118800,31
H00,2024-32,3600530847914,B2118802,B2118800,26
H00,2024-33,3600530847914,B2118802,B2118800,47
H00,2024-34,3600530847914,B2118802,B2118800,64
H00,2024-35,3600530847914,B2118802,B2118800,58
H00,2024-36,3600530847914,B2118802,B2118800,78
H00,2024-37,3600530847914,B2118802,B2118800,37
H00,2024-38,3600530847914,B2118802,B2118800,20
H00,2024-39,3600530847914,B2118802,B2118800,23
H00,2024-40,3600530847914,B2118802,B2118800,35
H00,2024-41,3600530847914,B2118802,B2118800,44
H00,2024-42,3600530847914,B2118802,B2118800,12
H00,2024-43,3600530847914,B2118802,B2118800,31
H00,2024-44,3600530847914,B2118802,B2118800,69
H00,2024-45,3600530847914,B2118802,B2118800,62
H00,2024-46,3600530847914,B2118802,B2118800,8
H00,2024-47,3600530847914,B2118802,B2118800,7
H00,2024-48,3600530847914,B2118802,B2118800,119
H00,2024-49,3600530847914,B2118802,B2118800,66
H00,2024-50,3600530847914,B2118802,B2118800,43
H00,2024-51,3600530847914,B2118802,B2118800,45
H00,2024-52,3600530847914,B2118802,B2118800,91
H00,2024-53,3600530847914,B2118802,B2118800,46
H00,2025-00,3600530847914,B2118802,B2118800,71
H00,2025-01,3600530847914,B2118802,B2118800,79
H00,2025-02,3600530847914,B2118802,B2118800,72
H00,2025-03,3600530847914,B2118802,B2118800,121
H00,2025-04,3600530847914,B2118802,B2118800,95
H00,2025-05,3600530847914,B2118802,B2118800,39
H00,2025-06,3600530847914,B2118802,B2118800,27
H00,2025-07,3600530847914,B2118802,B2118800,21
H00,2025-08,3600530847914,B2118802,B2118800,26
H00,2025-09,3600530847914,B2118802,B2118800,103
H00,2025-10,3600530847914,B2118802,B2118800,3
H00,2025-11,3600530847914,B2118802,B2118800,13
H00,2025-12,3600530847914,B2118802,B2118800,14
H00,2025-13,3600530847914,B2118802,B2118800,1
H00,2024-18,3600531089795,YFR10098,B2458801,7
H00,2024-19,3600531089795,YFR10098,B2458801,20
H00,2024-20,3600531089795,YFR10098,B2458801,15
H00,2024-21,3600531089795,YFR10098,B2458801,12
H00,2024-22,3600531089795,YFR10098,B2458801,9
H00,2024-23,3600531089795,YFR10098,B2458801,21
H00,2024-24,3600531089795,YFR10098,B2458801,13
H00,2024-25,3600531089795,YFR10098,B2458801,20
H00,2024-26,3600531089795,YFR10098,B2458801,75
H00,2024-27,3600531089795,YFR10098,B2458801,162
H00,2024-28,3600531089795,YFR10098,B2458801,113
H00,2024-29,3600531089795,YFR10098,B2458801,67
H00,2024-30,3600531089795,YFR10098,B2458801,41
H00,2024-31,3600531089795,YFR10098,B2458801,18
H00,2024-32,3600531089795,YFR10098,B2458801,10
H00,2024-33,3600531089795,YFR10098,B2458801,21
H00,2024-34,3600531089795,YFR10098,B2458801,19
H00,2024-35,3600531089795,YFR10098,B2458801,24
H00,2024-36,3600531089795,YFR10098,B2458801,30
H00,2024-37,3600531089795,YFR10098,B2458801,15
H00,2024-38,3600531089795,YFR10098,B2458801,14
H00,2024-39,3600531089795,YFR10098,B2458801,24
H00,2024-40,3600531089795,YFR10098,B2458801,15
H00,2024-41,3600531089795,YFR10098,B2458801,10
H00,2024-42,3600531089795,YFR10098,B2458801,3
H00,2024-43,3600531089795,YFR10098,B2458801,16
H00,2024-44,3600531089795,YFR10098,B2458801,50
H00,2024-45,3600531089795,YFR10098,B2458801,38
H00,2024-46,3600531089795,YFR10098,B2458801,2
H00,2024-47,3600531089795,YFR10098,B2458801,30
H00,2024-48,3600531089795,YFR10098,B2458801,50
H00,2024-49,3600531089795,YFR10098,B2458801,12
H00,2024-50,3600531089795,YFR10098,B2458801,22
H00,2024-51,3600531089795,YFR10098,B2458801,22
H00,2024-52,3600531089795,YFR10098,B2458801,38
H00,2024-53,3600531089795,YFR10098,B2458801,18
H00,2025-00,3600531089795,YFR10098,B2458801,9
H00,2025-01,3600531089795,YFR10098,B2458801,60
H00,2025-02,3600531089795,YFR10098,B2458801,34
H00,2025-03,3600531089795,YFR10098,B2458801,37
H00,2025-04,3600531089795,YFR10098,B2458801,49
H00,2025-05,3600531089795,YFR10098,B2458801,19
H00,2025-06,3600531089795,YFR10098,B2458801,16
H00,2025-07,3600531089795,YFR10098,B2458801,30
H00,2025-08,3600531089795,YFR10098,B2458801,37
H00,2025-09,3600531089795,YFR10098,B2458801,45
H00,2025-10,3600531089795,YFR10098,B2458801,21
H00,2025-11,3600531089795,YFR10098,B2458801,11
H00,2025-12,3600531089795,YFR10098,B2458801,25
H00,2025-13,3600531089795,YFR10098,B2458801,23
H00,2025-14,3600531089795,YFR10098,B2458801,11
H00,2025-15,3600531089795,YFR10098,B2458801,9
H00,2025-16,3600531089795,YFR10098,B2458801,14
H00,2025-17,3600531089795,YFR10098,B2458801,14
H00,2024-24,800897085605,K2387705,K2387700,34
H00,2024-25,800897085605,K2387705,K2387700,80
H00,2024-26,800897085605,K2387705,K2387700,8
H00,2024-27,800897085605,K2387705,K2387700,22
H00,2024-28,800897085605,K2387705,K2387700,75
H00,2024-29,800897085605,K2387705,K2387700,36
H00,2024-30,800897085605,K2387705,K2387700,49
H00,2024-31,800897085605,K2387705,K2387700,45
H00,2024-32,800897085605,K2387705,K2387700,21
H00,2024-33,800897085605,K2387705,K2387700,37
H00,2024-34,800897085605,K2387705,K2387700,28
H00,2024-35,800897085605,K2387705,K2387700,22
H00,2024-36,800897085605,K2387705,K2387700,49
H00,2024-37,800897085605,K2387705,K2387700,12
H00,2024-38,800897085605,K2387705,K2387700,20
H00,2024-39,800897085605,K2387705,K2387700,20
H00,2024-40,800897085605,K2387705,K2387700,32
H00,2024-41,800897085605,K2387705,K2387700,44
H00,2024-42,800897085605,K2387705,K2387700,39
H00,2024-43,800897085605,K2387705,K2387700,33
H00,2024-44,800897085605,K2387705,K2387700,80
H00,2024-45,800897085605,K2387705,K2387700,42
H00,2024-46,800897085605,K2387705,K2387700,35
H00,2024-47,800897085605,K2387705,K2387700,97
H00,2024-48,800897085605,K2387705,K2387700,285
H00,2024-49,800897085605,K2387705,K2387700,71
H00,2024-50,800897085605,K2387705,K2387700,73
H00,2024-51,800897085605,K2387705,K2387700,66
H00,2024-52,800897085605,K2387705,K2387700,87
H00,2024-53,800897085605,K2387705,K2387700,27
H00,2025-00,800897085605,K2387705,K2387700,58
H00,2025-01,800897085605,K2387705,K2387700,102
H00,2025-02,800897085605,K2387705,K2387700,100
H00,2025-03,800897085605,K2387705,K2387700,60
H00,2025-04,800897085605,K2387705,K2387700,59
H00,2025-05,800897085605,K2387705,K2387700,37
H00,2025-06,800897085605,K2387705,K2387700,34
H00,2025-07,800897085605,K2387705,K2387700,34
H00,2025-08,800897085605,K2387705,K2387700,39
H00,2025-09,800897085605,K2387705,K2387700,106
H00,2025-10,800897085605,K2387705,K2387700,39
H00,2025-11,800897085605,K2387705,K2387700,32
H00,2025-12,800897085605,K2387705,K2387700,55
H00,2025-13,800897085605,K2387705,K2387700,44
H00,2025-14,800897085605,K2387705,K2387700,33
H00,2025-15,800897085605,K2387705,K2387700,52
H00,2025-16,800897085605,K2387705,K2387700,49
H00,2025-17,800897085605,K2387705,K2387700,37
H00,2025-18,800897085605,K2387705,K2387700,61
H00,2025-19,800897085605,K2387705,K2387700,3
H00,2024-18,800897123277,K4009608,K4009600,21
H00,2024-19,800897123277,K4009608,K4009600,46
H00,2024-20,800897123277,K4009608,K4009600,17
H00,2024-21,800897123277,K4009608,K4009600,18
H00,2024-22,800897123277,K4009608,K4009600,24
H00,2024-23,800897123277,K4009608,K4009600,23
H00,2024-24,800897123277,K4009608,K4009600,22
H00,2024-25,800897123277,K4009608,K4009600,31
H00,2024-26,800897123277,K4009608,K4009600,33
H00,2024-27,800897123277,K4009608,K4009600,28
H00,2024-28,800897123277,K4009608,K4009600,41
H00,2024-29,800897123277,K4009608,K4009600,19
H00,2024-30,800897123277,K4009608,K4009600,7
H00,2024-31,800897123277,K4009608,K4009600,10
H00,2024-32,800897123277,K4009608,K4009600,12
H00,2024-33,800897123277,K4009608,K4009600,13
H00,2024-34,800897123277,K4009608,K4009600,7
H00,2024-35,800897123277,K4009608,K4009600,6
H00,2024-36,800897123277,K4009608,K4009600,7
H00,2024-37,800897123277,K4009608,K4009600,3
H00,2024-38,800897123277,K4009608,K4009600,5
H00,2024-39,800897123277,K4009608,K4009600,9
H00,2024-40,800897123277,K4009608,K4009600,4
H00,2024-41,800897123277,K4009608,K4009600,6
H00,2024-42,800897123277,K4009608,K4009600,8
H00,2024-43,800897123277,K4009608,K4009600,20
H00,2024-44,800897123277,K4009608,K4009600,30
H00,2024-45,800897123277,K4009608,K4009600,39
H00,2024-46,800897123277,K4009608,K4009600,6
H00,2024-47,800897123277,K4009608,K4009600,2
H00,2024-48,800897123277,K4009608,K4009600,116
H00,2024-49,800897123277,K4009608,K4009600,30
H00,2024-51,800897123277,K4009608,K4009600,5
H00,2024-52,800897123277,K4009608,K4009600,13
H00,2024-53,800897123277,K4009608,K4009600,6
H00,2025-00,800897123277,K4009608,K4009600,3
H00,2025-01,800897123277,K4009608,K4009600,13
H00,2025-02,800897123277,K4009608,K4009600,10
H00,2025-03,800897123277,K4009608,K4009600,4
H00,2025-04,800897123277,K4009608,K4009600,8
H00,2025-05,800897123277,K4009608,K4009600,12
H00,2025-06,800897123277,K4009608,K4009600,20
H00,2025-07,800897123277,K4009608,K4009600,36
H00,2025-08,800897123277,K4009608,K4009600,22
H00,2025-09,800897123277,K4009608,K4009600,77
H00,2025-10,800897123277,K4009608,K4009600,18
H00,2025-11,800897123277,K4009608,K4009600,17
H00,2025-12,800897123277,K4009608,K4009600,16
H00,2025-13,800897123277,K4009608,K4009600,24
H00,2025-14,800897123277,K4009608,K4009600,25
H00,2025-15,800897123277,K4009608,K4009600,23
H00,2025-16,800897123277,K4009608,K4009600,35
H00,2025-17,800897123277,K4009608,K4009600,37
H00,2025-18,800897123277,K4009608,K4009600,1
H00,2024-18,800897182618,K3445202,K3445200,22
H00,2024-19,800897182618,K3445202,K3445200,22
H00,2024-22,800897182618,K3445202,K3445200,12
H00,2024-24,800897182618,K3445202,K3445200,38
H00,2024-25,800897182618,K3445202,K3445200,24
H00,2024-26,800897182618,K3445202,K3445200,49
H00,2024-27,800897182618,K3445202,K3445200,63
H00,2024-28,800897182618,K3445202,K3445200,45
H00,2024-29,800897182618,K3445202,K3445200,52
H00,2024-30,800897182618,K3445202,K3445200,33
H00,2024-31,800897182618,K3445202,K3445200,21
H00,2024-32,800897182618,K3445202,K3445200,30
H00,2024-33,800897182618,K3445202,K3445200,25
H00,2024-34,800897182618,K3445202,K3445200,13
H00,2024-35,800897182618,K3445202,K3445200,8
H00,2024-36,800897182618,K3445202,K3445200,16
H00,2024-37,800897182618,K3445202,K3445200,16
H00,2024-38,800897182618,K3445202,K3445200,8
H00,2024-39,800897182618,K3445202,K3445200,5
H00,2024-40,800897182618,K3445202,K3445200,12
H00,2024-41,800897182618,K3445202,K3445200,10
H00,2024-42,800897182618,K3445202,K3445200,14
H00,2024-43,800897182618,K3445202,K3445200,19
H00,2024-44,800897182618,K3445202,K3445200,20
H00,2024-45,800897182618,K3445202,K3445200,24
H00,2024-46,800897182618,K3445202,K3445200,14
H00,2024-47,800897182618,K3445202,K3445200,35
H00,2024-48,800897182618,K3445202,K3445200,77
H00,2024-49,800897182618,K3445202,K3445200,30
H00,2024-51,800897182618,K3445202,K3445200,12
H00,2024-52,800897182618,K3445202,K3445200,42
H00,2024-53,800897182618,K3445202,K3445200,12
H00,2025-00,800897182618,K3445202,K3445200,16
H00,2025-01,800897182618,K3445202,K3445200,42
H00,2025-02,800897182618,K3445202,K3445200,40
H00,2025-03,800897182618,K3445202,K3445200,33
H00,2025-04,800897182618,K3445202,K3445200,18
H00,2025-05,800897182618,K3445202,K3445200,12
H00,2025-06,800897182618,K3445202,K3445200,13
H00,2025-07,800897182618,K3445202,K3445200,7
H00,2025-08,800897182618,K3445202,K3445200,24
H00,2025-09,800897182618,K3445202,K3445200,36
H00,2025-10,800897182618,K3445202,K3445200,3
H00,2025-11,800897182618,K3445202,K3445200,5
H00,2025-12,800897182618,K3445202,K3445200,6
H00,2025-13,800897182618,K3445202,K3445200,8
H00,2025-14,800897182618,K3445202,K3445200,5
H00,2025-15,800897182618,K3445202,K3445200,8
H00,2025-16,800897182618,K3445202,K3445200,7
H00,2025-17,800897182618,K3445202,K3445200,9
H00,2025-18,800897182618,K3445202,K3445200,3
H00,2024-18,800897192303,K3611201,K3611200,8
H00,2024-19,800897192303,K3611201,K3611200,23
H00,2024-20,800897192303,K3611201,K3611200,14
H00,2024-21,800897192303,K3611201,K3611200,14
H00,2024-22,800897192303,K3611201,K3611200,2
H00,2024-23,800897192303,K3611201,K3611200,7
H00,2024-24,800897192303,K3611201,K3611200,12
H00,2024-25,800897192303,K3611201,K3611200,18
H00,2024-26,800897192303,K3611201,K3611200,49
H00,2024-27,800897192303,K3611201,K3611200,43
H00,2024-28,800897192303,K3611201,K3611200,26
H00,2024-29,800897192303,K3611201,K3611200,21
H00,2024-30,800897192303,K3611201,K3611200,24
H00,2024-31,800897192303,K3611201,K3611200,27
H00,2024-32,800897192303,K3611201,K3611200,12
H00,2024-33,800897192303,K3611201,K3611200,22
H00,2024-34,800897192303,K3611201,K3611200,21
H00,2024-35,800897192303,K3611201,K3611200,15
H00,2024-36,800897192303,K3611201,K3611200,29
H00,2024-37,800897192303,K3611201,K3611200,12
H00,2024-38,800897192303,K3611201,K3611200,8
H00,2024-39,800897192303,K3611201,K3611200,5
H00,2024-40,800897192303,K3611201,K3611200,11
H00,2024-41,800897192303,K3611201,K3611200,6
H00,2024-42,800897192303,K3611201,K3611200,4
H00,2024-43,800897192303,K3611201,K3611200,13
H00,2024-44,800897192303,K3611201,K3611200,11
H00,2024-47,800897192303,K3611201,K3611200,16
H00,2024-48,800897192303,K3611201,K3611200,41
H00,2024-49,800897192303,K3611201,K3611200,13
H00,2024-50,800897192303,K3611201,K3611200,27
H00,2024-51,800897192303,K3611201,K3611200,19
H00,2024-52,800897192303,K3611201,K3611200,30
H00,2024-53,800897192303,K3611201,K3611200,7
H00,2025-00,800897192303,K3611201,K3611200,17
H00,2025-01,800897192303,K3611201,K3611200,31
H00,2025-02,800897192303,K3611201,K3611200,30
H00,2025-03,800897192303,K3611201,K3611200,14
H00,2025-04,800897192303,K3611201,K3611200,16
H00,2025-05,800897192303,K3611201,K3611200,8
H00,2025-06,800897192303,K3611201,K3611200,9
H00,2025-07,800897192303,K3611201,K3611200,10
H00,2025-08,800897192303,K3611201,K3611200,8
H00,2025-09,800897192303,K3611201,K3611200,29
H00,2025-10,800897192303,K3611201,K3611200,11
H00,2025-11,800897192303,K3611201,K3611200,20
H00,2025-12,800897192303,K3611201,K3611200,12
H00,2025-13,800897192303,K3611201,K3611200,9
H00,2025-14,800897192303,K3611201,K3611200,10
H00,2025-15,800897192303,K3611201,K3611200,9
H00,2025-16,800897192303,K3611201,K3611200,4
H00,2025-17,800897192303,K3611201,K3611200,1
H00,2024-18,800897225254,K5230200,K5230200,10
H00,2024-19,800897225254,K5230200,K5230200,29
H00,2024-20,800897225254,K5230200,K5230200,8
H00,2024-21,800897225254,K5230200,K5230200,13
H00,2024-22,800897225254,K5230200,K5230200,10
H00,2024-23,800897225254,K5230200,K5230200,6
H00,2024-24,800897225254,K5230200,K5230200,17
H00,2024-25,800897225254,K5230200,K5230200,17
H00,2024-26,800897225254,K5230200,K5230200,35
H00,2024-27,800897225254,K5230200,K5230200,40
H00,2024-28,800897225254,K5230200,K5230200,44
H00,2024-29,800897225254,K5230200,K5230200,35
H00,2024-30,800897225254,K5230200,K5230200,28
H00,2024-31,800897225254,K5230200,K5230200,15
H00,2024-32,800897225254,K5230200,K5230200,20
H00,2024-33,800897225254,K5230200,K5230200,17
H00,2024-34,800897225254,K5230200,K5230200,15
H00,2024-35,800897225254,K5230200,K5230200,11
H00,2024-36,800897225254,K5230200,K5230200,9
H00,2024-37,800897225254,K5230200,K5230200,12
H00,2024-38,800897225254,K5230200,K5230200,2
H00,2024-39,800897225254,K5230200,K5230200,4
H00,2024-40,800897225254,K5230200,K5230200,1
H00,2024-41,800897225254,K5230200,K5230200,2
H00,2024-42,800897225254,K5230200,K5230200,1
H00,2024-43,800897225254,K5230200,K5230200,6
H00,2024-44,800897225254,K5230200,K5230200,11
H00,2024-45,800897225254,K5230200,K5230200,4
H00,2024-46,800897225254,K5230200,K5230200,7
H00,2024-47,800897225254,K5230200,K5230200,21
H00,2024-48,800897225254,K5230200,K5230200,30
H00,2024-49,800897225254,K5230200,K5230200,21
H00,2024-50,800897225254,K5230200,K5230200,10
H00,2024-51,800897225254,K5230200,K5230200,12
H00,2024-52,800897225254,K5230200,K5230200,18
H00,2024-53,800897225254,K5230200,K5230200,5
H00,2025-00,800897225254,K5230200,K5230200,12
H00,2025-01,800897225254,K5230200,K5230200,35
H00,2025-02,800897225254,K5230200,K5230200,23
H00,2025-03,800897225254,K5230200,K5230200,27
H00,2025-04,800897225254,K5230200,K5230200,15
H00,2025-05,800897225254,K5230200,K5230200,8
H00,2025-06,800897225254,K5230200,K5230200,9
H00,2025-07,800897225254,K5230200,K5230200,10
H00,2025-08,800897225254,K5230200,K5230200,9
H00,2025-09,800897225254,K5230200,K5230200,11
H00,2025-10,800897225254,K5230200,K5230200,5
H00,2025-11,800897225254,K5230200,K5230200,6
H00,2025-12,800897225254,K5230200,K5230200,8
H00,2025-13,800897225254,K5230200,K5230200,4
H00,2025-14,800897225254,K5230200,K5230200,4
H00,2025-15,800897225254,K5230200,K5230200,3
H00,2025-16,800897225254,K5230200,K5230200,6
H00,2025-17,800897225254,K5230200,K5230200,9
H00,2025-18,800897225254,K5230200,K5230200,32
H00,2025-19,800897225254,K5230200,K5230200,2
H00,2024-18,800897846008,K4262104,K4262100,62
H00,2024-19,800897846008,K4262104,K4262100,163
H00,2024-20,800897846008,K4262104,K4262100,66
H00,2024-21,800897846008,K4262104,K4262100,87
H00,2024-22,800897846008,K4262104,K4262100,77
H00,2024-23,800897846008,K4262104,K4262100,72
H00,2024-24,800897846008,K4262104,K4262100,123
H00,2024-25,800897846008,K4262104,K4262100,97
H00,2024-26,800897846008,K4262104,K4262100,184
H00,2024-27,800897846008,K4262104,K4262100,172
H00,2024-28,800897846008,K4262104,K4262100,156
H00,2024-29,800897846008,K4262104,K4262100,137
H00,2024-30,800897846008,K4262104,K4262100,82
H00,2024-31,800897846008,K4262104,K4262100,100
H00,2024-32,800897846008,K4262104,K4262100,92
H00,2024-33,800897846008,K4262104,K4262100,63
H00,2024-34,800897846008,K4262104,K4262100,82
H00,2024-35,800897846008,K4262104,K4262100,65
H00,2024-36,800897846008,K4262104,K4262100,54
H00,2024-37,800897846008,K4262104,K4262100,51
H00,2024-38,800897846008,K4262104,K4262100,59
H00,2024-39,800897846008,K4262104,K4262100,70
H00,2024-40,800897846008,K4262104,K4262100,36
H00,2024-41,800897846008,K4262104,K4262100,46
H00,2024-42,800897846008,K4262104,K4262100,28
H00,2024-43,800897846008,K4262104,K4262100,67
H00,2024-44,800897846008,K4262104,K4262100,108
H00,2024-45,800897846008,K4262104,K4262100,61
H00,2024-46,800897846008,K4262104,K4262100,20
H00,2024-50,800897846008,K4262104,K4262100,9
H00,2024-51,800897846008,K4262104,K4262100,31
H00,2024-52,800897846008,K4262104,K4262100,17
H00,2025-02,800897846008,K4262104,K4262100,24
H00,2025-03,800897846008,K4262104,K4262100,12
H00,2025-04,800897846008,K4262104,K4262100,21
H00,2025-05,800897846008,K4262104,K4262100,16
H00,2025-06,800897846008,K4262104,K4262100,10
H00,2025-07,800897846008,K4262104,K4262100,5
H00,2025-08,800897846008,K4262104,K4262100,5
H00,2025-09,800897846008,K4262104,K4262100,19
H00,2025-10,800897846008,K4262104,K4262100,2
H00,2025-11,800897846008,K4262104,K4262100,7
H00,2025-12,800897846008,K4262104,K4262100,10
H00,2025-13,800897846008,K4262104,K4262100,13
H00,2025-14,800897846008,K4262104,K4262100,12
H00,2025-15,800897846008,K4262104,K4262100,25
H00,2025-16,800897846008,K4262104,K4262100,11
H00,2025-17,800897846008,K4262104,K4262100,8
H00,2025-18,800897846008,K4262104,K4262100,1
I20,2024-18,30152540,AA533100,AA532800,28
I20,2024-19,30152540,AA533100,AA532800,77
I20,2024-20,30152540,AA533100,AA532800,2
I20,2024-21,30152540,AA533100,AA532800,10
I20,2024-22,30152540,AA533100,AA532800,6
I20,2024-23,30152540,AA533100,AA532800,12
I20,2024-24,30152540,AA533100,AA532800,2
I20,2024-25,30152540,AA533100,AA532800,10
I20,2024-26,30152540,AA533100,AA532800,5
I20,2024-27,30152540,AA533100,AA532800,10
I20,2024-28,30152540,AA533100,AA532800,7
I20,2024-29,30152540,AA533100,AA532800,6
I20,2024-30,30152540,AA533100,AA532800,6
I20,2024-31,30152540,AA533100,AA532800,8
I20,2024-32,30152540,AA533100,AA532800,14
I20,2024-33,30152540,AA533100,AA532800,9
I20,2024-34,30152540,AA533100,AA532800,7
I20,2024-35,30152540,AA533100,AA532800,9
I20,2024-36,30152540,AA533100,AA532800,86
I20,2024-37,30152540,AA533100,AA532800,11
I20,2024-38,30152540,AA533100,AA532800,7
I20,2024-39,30152540,AA533100,AA532800,17
I20,2024-40,30152540,AA533100,AA532800,16
I20,2024-41,30152540,AA533100,AA532800,15
I20,2024-42,30152540,AA533100,AA532800,15
I20,2024-43,30152540,AA533100,AA532800,24
I20,2024-44,30152540,AA533100,AA532800,30
I20,2024-45,30152540,AA533100,AA532800,22
I20,2024-46,30152540,AA533100,AA532800,17
I20,2024-47,30152540,AA533100,AA532800,28
I20,2024-48,30152540,AA533100,AA532800,99
I20,2024-49,30152540,AA533100,AA532800,42
I20,2024-50,30152540,AA533100,AA532800,16
I20,2025-02,30152540,AA533100,AA532800,15
I20,2025-03,30152540,AA533100,AA532800,9
I20,2025-04,30152540,AA533100,AA532800,7
I20,2025-05,30152540,AA533100,AA532800,17
I20,2025-06,30152540,AA533100,AA532800,13
I20,2025-07,30152540,AA533100,AA532800,4
I20,2025-08,30152540,AA533100,AA532800,7
I20,2025-09,30152540,AA533100,AA532800,10
I20,2025-10,30152540,AA533100,AA532800,6
I20,2025-11,30152540,AA533100,AA532800,2
I20,2025-12,30152540,AA533100,AA532800,7
I20,2025-13,30152540,AA533100,AA532800,2
I20,2025-14,30152540,AA533100,AA532800,9
I20,2025-15,30152540,AA533100,AA532800,5
I20,2025-16,30152540,AA533100,AA532800,15
I20,2025-17,30152540,AA533100,AA532800,6
I20,2025-18,30152540,AA533100,AA532800,5
I20,2024-18,30161467,B3471101,B3471100,1
I20,2024-27,30161467,B3471101,B3471100,10
I20,2024-29,30161467,B3471101,B3471100,41
I20,2024-30,30161467,B3471101,B3471100,13
I20,2024-31,30161467,B3471101,B3471100,10
I20,2024-32,30161467,B3471101,B3471100,13
I20,2024-33,30161467,B3471101,B3471100,12
I20,2024-34,30161467,B3471101,B3471100,3
I20,2024-35,30161467,B3471101,B3471100,3
I20,2024-36,30161467,B3471101,B3471100,8
I20,2024-37,30161467,B3471101,B3471100,1
I20,2024-41,30161467,B3471101,B3471100,8
I20,2024-42,30161467,B3471101,B3471100,2
I20,2024-44,30161467,B3471101,B3471100,9
I20,2024-45,30161467,B3471101,B3471100,6
I20,2024-48,30161467,B3471101,B3471100,6
I20,2024-49,30161467,B3471101,B3471100,14
I20,2024-50,30161467,B3471101,B3471100,7
I20,2024-51,30161467,B3471101,B3471100,9
I20,2024-52,30161467,B3471101,B3471100,23
I20,2024-53,30161467,B3471101,B3471100,5
I20,2025-00,30161467,B3471101,B3471100,13
I20,2025-01,30161467,B3471101,B3471100,23
I20,2025-02,30161467,B3471101,B3471100,11
I20,2025-03,30161467,B3471101,B3471100,19
I20,2025-04,30161467,B3471101,B3471100,21
I20,2025-05,30161467,B3471101,B3471100,13
I20,2025-06,30161467,B3471101,B3471100,3
I20,2025-07,30161467,B3471101,B3471100,6
I20,2025-08,30161467,B3471101,B3471100,7
I20,2025-09,30161467,B3471101,B3471100,5
I20,2025-10,30161467,B3471101,B3471100,35
I20,2025-11,30161467,B3471101,B3471100,35
I20,2025-12,30161467,B3471101,B3471100,27
I20,2025-13,30161467,B3471101,B3471100,7
I20,2025-14,30161467,B3471101,B3471100,10
I20,2025-15,30161467,B3471101,B3471100,24
I20,2025-16,30161467,B3471101,B3471100,29
I20,2025-17,30161467,B3471101,B3471100,26
I20,2025-18,30161467,B3471101,B3471100,15
I20,2024-18,3600530847914,B2118802,B2118800,5
I20,2024-19,3600530847914,B2118802,B2118800,33
I20,2024-20,3600530847914,B2118802,B2118800,5
I20,2024-21,3600530847914,B2118802,B2118800,11
I20,2024-22,3600530847914,B2118802,B2118800,7
I20,2024-23,3600530847914,B2118802,B2118800,6
I20,2024-24,3600530847914,B2118802,B2118800,15
I20,2024-25,3600530847914,B2118802,B2118800,13
I20,2024-26,3600530847914,B2118802,B2118800,61
I20,2024-27,3600530847914,B2118802,B2118800,108
I20,2024-28,3600530847914,B2118802,B2118800,83
I20,2024-29,3600530847914,B2118802,B2118800,113
I20,2024-30,3600530847914,B2118802,B2118800,36
I20,2024-31,3600530847914,B2118802,B2118800,23
I20,2024-32,3600530847914,B2118802,B2118800,11
I20,2024-33,3600530847914,B2118802,B2118800,27
I20,2024-34,3600530847914,B2118802,B2118800,30
I20,2024-35,3600530847914,B2118802,B2118800,29
I20,2024-36,3600530847914,B2118802,B2118800,22
I20,2024-37,3600530847914,B2118802,B2118800,15
I20,2024-38,3600530847914,B2118802,B2118800,10
I20,2024-39,3600530847914,B2118802,B2118800,11
I20,2024-40,3600530847914,B2118802,B2118800,10
I20,2024-41,3600530847914,B2118802,B2118800,21
I20,2024-42,3600530847914,B2118802,B2118800,15
I20,2024-43,3600530847914,B2118802,B2118800,43
I20,2024-44,3600530847914,B2118802,B2118800,45
I20,2024-46,3600530847914,B2118802,B2118800,8
I20,2024-47,3600530847914,B2118802,B2118800,53
I20,2024-48,3600530847914,B2118802,B2118800,103
I20,2024-49,3600530847914,B2118802,B2118800,3
I20,2024-50,3600530847914,B2118802,B2118800,16
I20,2024-51,3600530847914,B2118802,B2118800,18
I20,2024-52,3600530847914,B2118802,B2118800,35
I20,2024-53,3600530847914,B2118802,B2118800,15
I20,2025-00,3600530847914,B2118802,B2118800,23
I20,2025-01,3600530847914,B2118802,B2118800,84
I20,2025-02,3600530847914,B2118802,B2118800,70
I20,2025-03,3600530847914,B2118802,B2118800,56
I20,2025-04,3600530847914,B2118802,B2118800,40
I20,2025-05,3600530847914,B2118802,B2118800,19
I20,2025-06,3600530847914,B2118802,B2118800,8
I20,2025-07,3600530847914,B2118802,B2118800,7
I20,2025-08,3600530847914,B2118802,B2118800,10
I20,2025-09,3600530847914,B2118802,B2118800,29
I20,2025-10,3600530847914,B2118802,B2118800,8
I20,2025-11,3600530847914,B2118802,B2118800,8
I20,2025-12,3600530847914,B2118802,B2118800,4
I20,2025-13,3600530847914,B2118802,B2118800,14
I20,2025-14,3600530847914,B2118802,B2118800,14
I20,2025-15,3600530847914,B2118802,B2118800,17
I20,2025-16,3600530847914,B2118802,B2118800,18
I20,2025-17,3600530847914,B2118802,B2118800,24
I20,2025-18,3600530847914,B2118802,B2118800,10
I20,2025-19,3600530847914,B2118802,B2118800,4
I20,2024-18,3600531089795,YFR10098,B2458801,7
I20,2024-19,3600531089795,YFR10098,B2458801,27
I20,2024-20,3600531089795,YFR10098,B2458801,3
I20,2024-21,3600531089795,YFR10098,B2458801,19
I20,2024-22,3600531089795,YFR10098,B2458801,8
I20,2024-23,3600531089795,YFR10098,B2458801,4
I20,2024-24,3600531089795,YFR10098,B2458801,8
I20,2024-25,3600531089795,YFR10098,B2458801,8
I20,2024-26,3600531089795,YFR10098,B2458801,15
I20,2024-27,3600531089795,YFR10098,B2458801,20
I20,2024-28,3600531089795,YFR10098,B2458801,16
I20,2024-29,3600531089795,YFR10098,B2458801,25
I20,2024-30,3600531089795,YFR10098,B2458801,7
I20,2024-31,3600531089795,YFR10098,B2458801,2
I20,2024-32,3600531089795,YFR10098,B2458801,1
I20,2024-36,3600531089795,YFR10098,B2458801,19
I20,2024-37,3600531089795,YFR10098,B2458801,7
I20,2024-38,3600531089795,YFR10098,B2458801,3
I20,2024-39,3600531089795,YFR10098,B2458801,7
I20,2024-40,3600531089795,YFR10098,B2458801,5
I20,2024-41,3600531089795,YFR10098,B2458801,11
I20,2024-42,3600531089795,YFR10098,B2458801,4
I20,2024-43,3600531089795,YFR10098,B2458801,13
I20,2024-44,3600531089795,YFR10098,B2458801,29
I20,2024-48,3600531089795,YFR10098,B2458801,38
I20,2024-49,3600531089795,YFR10098,B2458801,9
I20,2024-50,3600531089795,YFR10098,B2458801,10
I20,2024-51,3600531089795,YFR10098,B2458801,16
I20,2024-52,3600531089795,YFR10098,B2458801,17
I20,2024-53,3600531089795,YFR10098,B2458801,5
I20,2025-00,3600531089795,YFR10098,B2458801,6
I20,2025-01,3600531089795,YFR10098,B2458801,19
I20,2025-02,3600531089795,YFR10098,B2458801,51
I20,2025-03,3600531089795,YFR10098,B2458801,26
I20,2025-04,3600531089795,YFR10098,B2458801,27
I20,2025-05,3600531089795,YFR10098,B2458801,10
I20,2025-06,3600531089795,YFR10098,B2458801,7
I20,2025-07,3600531089795,YFR10098,B2458801,10
I20,2025-08,3600531089795,YFR10098,B2458801,7
I20,2025-09,3600531089795,YFR10098,B2458801,15
I20,2025-10,3600531089795,YFR10098,B2458801,8
I20,2025-11,3600531089795,YFR10098,B2458801,4
I20,2025-12,3600531089795,YFR10098,B2458801,8
I20,2025-13,3600531089795,YFR10098,B2458801,6
I20,2025-14,3600531089795,YFR10098,B2458801,9
I20,2025-15,3600531089795,YFR10098,B2458801,9
I20,2025-16,3600531089795,YFR10098,B2458801,8
I20,2025-17,3600531089795,YFR10098,B2458801,3
I20,2025-18,3600531089795,YFR10098,B2458801,7
I20,2024-23,800897085605,K2387705,K2387700,10
I20,2024-24,800897085605,K2387705,K2387700,16
I20,2024-25,800897085605,K2387705,K2387700,10
I20,2024-26,800897085605,K2387705,K2387700,28
I20,2024-27,800897085605,K2387705,K2387700,27
I20,2024-28,800897085605,K2387705,K2387700,22
I20,2024-29,800897085605,K2387705,K2387700,19
I20,2024-30,800897085605,K2387705,K2387700,8
I20,2024-31,800897085605,K2387705,K2387700,16
I20,2024-32,800897085605,K2387705,K2387700,22
I20,2024-33,800897085605,K2387705,K2387700,17
I20,2024-34,800897085605,K2387705,K2387700,17
I20,2024-35,800897085605,K2387705,K2387700,15
I20,2024-36,800897085605,K2387705,K2387700,25
I20,2024-37,800897085605,K2387705,K2387700,16
I20,2024-38,800897085605,K2387705,K2387700,18
I20,2024-39,800897085605,K2387705,K2387700,16
I20,2024-40,800897085605,K2387705,K2387700,18
I20,2024-41,800897085605,K2387705,K2387700,17
I20,2024-42,800897085605,K2387705,K2387700,13
I20,2024-43,800897085605,K2387705,K2387700,19
I20,2024-44,800897085605,K2387705,K2387700,36
I20,2024-45,800897085605,K2387705,K2387700,16
I20,2024-46,800897085605,K2387705,K2387700,2
I20,2024-47,800897085605,K2387705,K2387700,21
I20,2024-48,800897085605,K2387705,K2387700,71
I20,2024-49,800897085605,K2387705,K2387700,20
I20,2024-50,800897085605,K2387705,K2387700,25
I20,2024-51,800897085605,K2387705,K2387700,27
I20,2024-52,800897085605,K2387705,K2387700,41
I20,2024-53,800897085605,K2387705,K2387700,15
I20,2025-00,800897085605,K2387705,K2387700,19
I20,2025-01,800897085605,K2387705,K2387700,29
I20,2025-02,800897085605,K2387705,K2387700,22
I20,2025-03,800897085605,K2387705,K2387700,20
I20,2025-04,800897085605,K2387705,K2387700,15
I20,2025-05,800897085605,K2387705,K2387700,17
I20,2025-06,800897085605,K2387705,K2387700,12
I20,2025-07,800897085605,K2387705,K2387700,13
I20,2025-08,800897085605,K2387705,K2387700,14
I20,2025-09,800897085605,K2387705,K2387700,33
I20,2025-10,800897085605,K2387705,K2387700,10
I20,2025-11,800897085605,K2387705,K2387700,14
I20,2025-12,800897085605,K2387705,K2387700,15
I20,2025-13,800897085605,K2387705,K2387700,13
I20,2025-14,800897085605,K2387705,K2387700,14
I20,2025-15,800897085605,K2387705,K2387700,27
I20,2025-16,800897085605,K2387705,K2387700,24
I20,2025-17,800897085605,K2387705,K2387700,16
I20,2025-18,800897085605,K2387705,K2387700,10
I20,2024-18,800897123277,K4009608,K4009600,16
I20,2024-19,800897123277,K4009608,K4009600,17
I20,2024-20,800897123277,K4009608,K4009600,10
I20,2024-21,800897123277,K4009608,K4009600,11
I20,2024-22,800897123277,K4009608,K4009600,7
I20,2024-23,800897123277,K4009608,K4009600,11
I20,2024-24,800897123277,K4009608,K4009600,5
I20,2024-25,800897123277,K4009608,K4009600,2
I20,2024-26,800897123277,K4009608,K4009600,13
I20,2024-27,800897123277,K4009608,K4009600,10
I20,2024-28,800897123277,K4009608,K4009600,5
I20,2024-29,800897123277,K4009608,K4009600,4
I20,2024-30,800897123277,K4009608,K4009600,2
I20,2024-32,800897123277,K4009608,K4009600,3
I20,2024-33,800897123277,K4009608,K4009600,1
I20,2024-34,800897123277,K4009608,K4009600,2
I20,2024-35,800897123277,K4009608,K4009600,5
I20,2024-36,800897123277,K4009608,K4009600,6
I20,2024-37,800897123277,K4009608,K4009600,5
I20,2024-39,800897123277,K4009608,K4009600,5
I20,2024-40,800897123277,K4009608,K4009600,13
I20,2024-41,800897123277,K4009608,K4009600,6
I20,2024-42,800897123277,K4009608,K4009600,4
I20,2024-43,800897123277,K4009608,K4009600,9
I20,2024-44,800897123277,K4009608,K4009600,13
I20,2024-45,800897123277,K4009608,K4009600,2
I20,2024-46,800897123277,K4009608,K4009600,6
I20,2024-47,800897123277,K4009608,K4009600,8
I20,2024-48,800897123277,K4009608,K4009600,44
I20,2024-49,800897123277,K4009608,K4009600,13
I20,2024-50,800897123277,K4009608,K4009600,7
I20,2024-51,800897123277,K4009608,K4009600,5
I20,2024-52,800897123277,K4009608,K4009600,17
I20,2024-53,800897123277,K4009608,K4009600,4
I20,2025-00,800897123277,K4009608,K4009600,11
I20,2025-01,800897123277,K4009608,K4009600,19
I20,2025-02,800897123277,K4009608,K4009600,21
I20,2025-03,800897123277,K4009608,K4009600,9
I20,2025-04,800897123277,K4009608,K4009600,11
I20,2025-05,800897123277,K4009608,K4009600,12
I20,2025-06,800897123277,K4009608,K4009600,5
I20,2025-07,800897123277,K4009608,K4009600,2
I20,2025-08,800897123277,K4009608,K4009600,4
I20,2025-09,800897123277,K4009608,K4009600,6
I20,2025-10,800897123277,K4009608,K4009600,1
I20,2025-11,800897123277,K4009608,K4009600,1
I20,2025-12,800897123277,K4009608,K4009600,6
I20,2025-13,800897123277,K4009608,K4009600,3
I20,2025-14,800897123277,K4009608,K4009600,4
I20,2025-15,800897123277,K4009608,K4009600,5
I20,2025-16,800897123277,K4009608,K4009600,3
I20,2025-17,800897123277,K4009608,K4009600,1
I20,2024-18,800897182618,K3445202,K3445200,11
I20,2024-19,800897182618,K3445202,K3445200,17
I20,2024-20,800897182618,K3445202,K3445200,10
I20,2024-21,800897182618,K3445202,K3445200,7
I20,2024-22,800897182618,K3445202,K3445200,5
I20,2024-23,800897182618,K3445202,K3445200,5
I20,2024-24,800897182618,K3445202,K3445200,11
I20,2024-25,800897182618,K3445202,K3445200,7
I20,2024-26,800897182618,K3445202,K3445200,30
I20,2024-27,800897182618,K3445202,K3445200,39
I20,2024-28,800897182618,K3445202,K3445200,34
I20,2024-29,800897182618,K3445202,K3445200,50
I20,2024-30,800897182618,K3445202,K3445200,6
I20,2024-31,800897182618,K3445202,K3445200,14
I20,2024-32,800897182618,K3445202,K3445200,12
I20,2024-33,800897182618,K3445202,K3445200,24
I20,2024-34,800897182618,K3445202,K3445200,9
I20,2024-35,800897182618,K3445202,K3445200,8
I20,2024-36,800897182618,K3445202,K3445200,15
I20,2024-37,800897182618,K3445202,K3445200,4
I20,2024-38,800897182618,K3445202,K3445200,5
I20,2024-39,800897182618,K3445202,K3445200,8
I20,2024-40,800897182618,K3445202,K3445200,11
I20,2024-41,800897182618,K3445202,K3445200,7
I20,2024-42,800897182618,K3445202,K3445200,8
I20,2024-43,800897182618,K3445202,K3445200,15
I20,2024-44,800897182618,K3445202,K3445200,14
I20,2024-45,800897182618,K3445202,K3445200,8
I20,2024-46,800897182618,K3445202,K3445200,9
I20,2024-47,800897182618,K3445202,K3445200,18
I20,2024-48,800897182618,K3445202,K3445200,39
I20,2024-49,800897182618,K3445202,K3445200,6
I20,2024-50,800897182618,K3445202,K3445200,7
I20,2024-51,800897182618,K3445202,K3445200,13
I20,2024-52,800897182618,K3445202,K3445200,11
I20,2024-53,800897182618,K3445202,K3445200,7
I20,2025-00,800897182618,K3445202,K3445200,9
I20,2025-01,800897182618,K3445202,K3445200,14
I20,2025-02,800897182618,K3445202,K3445200,16
I20,2025-03,800897182618,K3445202,K3445200,13
I20,2025-04,800897182618,K3445202,K3445200,6
I20,2025-05,800897182618,K3445202,K3445200,7
I20,2025-06,800897182618,K3445202,K3445200,8
I20,2025-07,800897182618,K3445202,K3445200,5
I20,2025-08,800897182618,K3445202,K3445200,4
I20,2025-09,800897182618,K3445202,K3445200,11
I20,2025-10,800897182618,K3445202,K3445200,8
I20,2025-11,800897182618,K3445202,K3445200,4
I20,2025-12,800897182618,K3445202,K3445200,4
I20,2025-13,800897182618,K3445202,K3445200,4
I20,2025-14,800897182618,K3445202,K3445200,6
I20,2025-15,800897182618,K3445202,K3445200,7
I20,2025-16,800897182618,K3445202,K3445200,6
I20,2025-17,800897182618,K3445202,K3445200,8
I20,2025-18,800897182618,K3445202,K3445200,9
I20,2024-18,800897192303,K3611201,K3611200,8
I20,2024-19,800897192303,K3611201,K3611200,28
I20,2024-20,800897192303,K3611201,K3611200,10
I20,2024-21,800897192303,K3611201,K3611200,8
I20,2024-22,800897192303,K3611201,K3611200,9
I20,2024-23,800897192303,K3611201,K3611200,3
I20,2024-24,800897192303,K3611201,K3611200,6
I20,2024-25,800897192303,K3611201,K3611200,3
I20,2024-26,800897192303,K3611201,K3611200,21
I20,2024-27,800897192303,K3611201,K3611200,16
I20,2024-28,800897192303,K3611201,K3611200,10
I20,2024-29,800897192303,K3611201,K3611200,12
I20,2024-30,800897192303,K3611201,K3611200,6
I20,2024-31,800897192303,K3611201,K3611200,5
I20,2024-32,800897192303,K3611201,K3611200,3
I20,2024-33,800897192303,K3611201,K3611200,5
I20,2024-34,800897192303,K3611201,K3611200,8
I20,2024-35,800897192303,K3611201,K3611200,11
I20,2024-36,800897192303,K3611201,K3611200,12
I20,2024-37,800897192303,K3611201,K3611200,6
I20,2024-38,800897192303,K3611201,K3611200,4
I20,2024-39,800897192303,K3611201,K3611200,9
I20,2024-40,800897192303,K3611201,K3611200,11
I20,2024-41,800897192303,K3611201,K3611200,7
I20,2024-42,800897192303,K3611201,K3611200,8
I20,2024-43,800897192303,K3611201,K3611200,10
I20,2024-44,800897192303,K3611201,K3611200,16
I20,2024-45,800897192303,K3611201,K3611200,6
I20,2024-46,800897192303,K3611201,K3611200,8
I20,2024-47,800897192303,K3611201,K3611200,12
I20,2024-48,800897192303,K3611201,K3611200,45
I20,2024-49,800897192303,K3611201,K3611200,8
I20,2024-50,800897192303,K3611201,K3611200,9
I20,2024-51,800897192303,K3611201,K3611200,8
I20,2024-52,800897192303,K3611201,K3611200,4
I20,2024-53,800897192303,K3611201,K3611200,1
I20,2025-00,800897192303,K3611201,K3611200,9
I20,2025-01,800897192303,K3611201,K3611200,15
I20,2025-02,800897192303,K3611201,K3611200,11
I20,2025-03,800897192303,K3611201,K3611200,4
I20,2024-18,800897225254,K5230200,K5230200,1
I20,2024-19,800897225254,K5230200,K5230200,9
I20,2024-20,800897225254,K5230200,K5230200,4
I20,2024-21,800897225254,K5230200,K5230200,5
I20,2024-22,800897225254,K5230200,K5230200,5
I20,2024-23,800897225254,K5230200,K5230200,1
I20,2024-24,800897225254,K5230200,K5230200,7
I20,2024-25,800897225254,K5230200,K5230200,1
I20,2024-26,800897225254,K5230200,K5230200,40
I20,2024-27,800897225254,K5230200,K5230200,59
I20,2024-28,800897225254,K5230200,K5230200,8
I20,2024-29,800897225254,K5230200,K5230200,3
I20,2024-31,800897225254,K5230200,K5230200,1
I20,2024-32,800897225254,K5230200,K5230200,6
I20,2024-33,800897225254,K5230200,K5230200,6
I20,2024-34,800897225254,K5230200,K5230200,8
I20,2024-35,800897225254,K5230200,K5230200,9
I20,2024-36,800897225254,K5230200,K5230200,6
I20,2024-37,800897225254,K5230200,K5230200,2
I20,2024-38,800897225254,K5230200,K5230200,3
I20,2024-41,800897225254,K5230200,K5230200,7
I20,2024-42,800897225254,K5230200,K5230200,3
I20,2024-43,800897225254,K5230200,K5230200,8
I20,2024-44,800897225254,K5230200,K5230200,10
I20,2024-45,800897225254,K5230200,K5230200,3
I20,2024-46,800897225254,K5230200,K5230200,3
I20,2024-47,800897225254,K5230200,K5230200,3
I20,2024-48,800897225254,K5230200,K5230200,9
I20,2024-49,800897225254,K5230200,K5230200,1
I20,2024-50,800897225254,K5230200,K5230200,1
I20,2024-52,800897225254,K5230200,K5230200,4
I20,2025-00,800897225254,K5230200,K5230200,1
I20,2025-01,800897225254,K5230200,K5230200,11
I20,2025-02,800897225254,K5230200,K5230200,9
I20,2025-03,800897225254,K5230200,K5230200,12
I20,2025-04,800897225254,K5230200,K5230200,7
I20,2025-05,800897225254,K5230200,K5230200,2
I20,2025-06,800897225254,K5230200,K5230200,4
I20,2025-07,800897225254,K5230200,K5230200,2
I20,2025-08,800897225254,K5230200,K5230200,1
I20,2025-09,800897225254,K5230200,K5230200,8
I20,2025-11,800897225254,K5230200,K5230200,2
I20,2025-12,800897225254,K5230200,K5230200,3
I20,2025-13,800897225254,K5230200,K5230200,4
I20,2025-14,800897225254,K5230200,K5230200,2
I20,2025-15,800897225254,K5230200,K5230200,6
I20,2025-16,800897225254,K5230200,K5230200,8
I20,2025-17,800897225254,K5230200,K5230200,21
I20,2025-18,800897225254,K5230200,K5230200,11
I20,2025-19,800897225254,K5230200,K5230200,1
I20,2024-18,800897846008,K4262104,K4262100,42
I20,2024-19,800897846008,K4262104,K4262100,102
I20,2024-20,800897846008,K4262104,K4262100,38
I20,2024-21,800897846008,K4262104,K4262100,28
I20,2024-22,800897846008,K4262104,K4262100,40
I20,2024-23,800897846008,K4262104,K4262100,36
I20,2024-24,800897846008,K4262104,K4262100,55
I20,2024-25,800897846008,K4262104,K4262100,50
I20,2024-26,800897846008,K4262104,K4262100,97
I20,2024-27,800897846008,K4262104,K4262100,87
I20,2024-28,800897846008,K4262104,K4262100,86
I20,2024-29,800897846008,K4262104,K4262100,89
I20,2024-30,800897846008,K4262104,K4262100,69
I20,2024-31,800897846008,K4262104,K4262100,42
I20,2024-32,800897846008,K4262104,K4262100,61
I20,2024-33,800897846008,K4262104,K4262100,80
I20,2024-34,800897846008,K4262104,K4262100,40
I20,2024-35,800897846008,K4262104,K4262100,60
I20,2024-36,800897846008,K4262104,K4262100,58
I20,2024-37,800897846008,K4262104,K4262100,23
I20,2024-38,800897846008,K4262104,K4262100,14
I20,2024-39,800897846008,K4262104,K4262100,10
I20,2024-40,800897846008,K4262104,K4262100,19
I20,2024-41,800897846008,K4262104,K4262100,34
I20,2024-42,800897846008,K4262104,K4262100,19
I20,2024-43,800897846008,K4262104,K4262100,47
I20,2024-44,800897846008,K4262104,K4262100,41
I20,2025-11,800897846008,K4262104,K4262100,14
I20,2025-12,800897846008,K4262104,K4262100,10
I20,2025-13,800897846008,K4262104,K4262100,34
I20,2025-14,800897846008,K4262104,K4262100,34
I20,2025-15,800897846008,K4262104,K4262100,42
I20,2025-16,800897846008,K4262104,K4262100,41
I20,2025-17,800897846008,K4262104,K4262100,43
I20,2025-18,800897846008,K4262104,K4262100,43
I20,2025-19,800897846008,K4262104,K4262100,4
I50,2024-18,30152540,AA533100,AA532800,25
I50,2024-19,30152540,AA533100,AA532800,46
I50,2024-20,30152540,AA533100,AA532800,10
I50,2024-21,30152540,AA533100,AA532800,7
I50,2024-22,30152540,AA533100,AA532800,1
I50,2024-23,30152540,AA533100,AA532800,7
I50,2024-24,30152540,AA533100,AA532800,26
I50,2024-25,30152540,AA533100,AA532800,11
I50,2024-26,30152540,AA533100,AA532800,15
I50,2024-27,30152540,AA533100,AA532800,16
I50,2024-28,30152540,AA533100,AA532800,8
I50,2024-29,30152540,AA533100,AA532800,8
I50,2024-30,30152540,AA533100,AA532800,3
I50,2024-31,30152540,AA533100,AA532800,3
I50,2024-32,30152540,AA533100,AA532800,5
I50,2024-33,30152540,AA533100,AA532800,3
I50,2024-34,30152540,AA533100,AA532800,110
I50,2024-35,30152540,AA533100,AA532800,90
I50,2024-36,30152540,AA533100,AA532800,1
I50,2024-37,30152540,AA533100,AA532800,3
I50,2024-38,30152540,AA533100,AA532800,3
I50,2024-39,30152540,AA533100,AA532800,2
I50,2024-40,30152540,AA533100,AA532800,7
I50,2024-41,30152540,AA533100,AA532800,2
I50,2024-42,30152540,AA533100,AA532800,4
I50,2024-43,30152540,AA533100,AA532800,5
I50,2024-44,30152540,AA533100,AA532800,11
I50,2024-45,30152540,AA533100,AA532800,15
I50,2024-46,30152540,AA533100,AA532800,15
I50,2024-47,30152540,AA533100,AA532800,28
I50,2024-48,30152540,AA533100,AA532800,75
I50,2024-49,30152540,AA533100,AA532800,36
I50,2024-50,30152540,AA533100,AA532800,16
I50,2024-51,30152540,AA533100,AA532800,13
I50,2024-52,30152540,AA533100,AA532800,23
I50,2024-53,30152540,AA533100,AA532800,3
I50,2025-00,30152540,AA533100,AA532800,6
I50,2025-01,30152540,AA533100,AA532800,17
I50,2025-02,30152540,AA533100,AA532800,12
I50,2025-03,30152540,AA533100,AA532800,15
I50,2025-04,30152540,AA533100,AA532800,7
I50,2025-05,30152540,AA533100,AA532800,10
I50,2025-06,30152540,AA533100,AA532800,2
I50,2025-07,30152540,AA533100,AA532800,17
I50,2025-08,30152540,AA533100,AA532800,7
I50,2025-09,30152540,AA533100,AA532800,5
I50,2025-10,30152540,AA533100,AA532800,4
I50,2025-11,30152540,AA533100,AA532800,8
I50,2025-12,30152540,AA533100,AA532800,3
I50,2025-13,30152540,AA533100,AA532800,8
I50,2025-14,30152540,AA533100,AA532800,12
I50,2025-15,30152540,AA533100,AA532800,8
I50,2025-16,30152540,AA533100,AA532800,10
I50,2025-17,30152540,AA533100,AA532800,4
I50,2025-18,30152540,AA533100,AA532800,5
I50,2024-22,30161467,B3471101,B3471100,4
I50,2024-23,30161467,B3471101,B3471100,7
I50,2024-24,30161467,B3471101,B3471100,14
I50,2024-25,30161467,B3471101,B3471100,8
I50,2024-26,30161467,B3471101,B3471100,1
I50,2024-28,30161467,B3471101,B3471100,132
I50,2024-29,30161467,B3471101,B3471100,50
I50,2024-30,30161467,B3471101,B3471100,30
I50,2024-31,30161467,B3471101,B3471100,12
I50,2024-32,30161467,B3471101,B3471100,10
I50,2024-33,30161467,B3471101,B3471100,12
I50,2024-34,30161467,B3471101,B3471100,22
I50,2024-35,30161467,B3471101,B3471100,21
I50,2024-36,30161467,B3471101,B3471100,14
I50,2024-37,30161467,B3471101,B3471100,6
I50,2024-38,30161467,B3471101,B3471100,5
I50,2024-39,30161467,B3471101,B3471100,5
I50,2024-40,30161467,B3471101,B3471100,1
I50,2024-41,30161467,B3471101,B3471100,10
I50,2024-44,30161467,B3471101,B3471100,12
I50,2024-45,30161467,B3471101,B3471100,26
I50,2024-46,30161467,B3471101,B3471100,17
I50,2024-47,30161467,B3471101,B3471100,46
I50,2024-48,30161467,B3471101,B3471100,21
I50,2024-49,30161467,B3471101,B3471100,13
I50,2024-50,30161467,B3471101,B3471100,13
I50,2024-51,30161467,B3471101,B3471100,11
I50,2024-52,30161467,B3471101,B3471100,25
I50,2024-53,30161467,B3471101,B3471100,7
I50,2025-00,30161467,B3471101,B3471100,10
I50,2025-02,30161467,B3471101,B3471100,5
I50,2025-03,30161467,B3471101,B3471100,18
I50,2025-04,30161467,B3471101,B3471100,6
I50,2025-07,30161467,B3471101,B3471100,15
I50,2025-08,30161467,B3471101,B3471100,13
I50,2025-09,30161467,B3471101,B3471100,6
I50,2025-10,30161467,B3471101,B3471100,69
I50,2025-11,30161467,B3471101,B3471100,4
I50,2025-12,30161467,B3471101,B3471100,18
I50,2025-13,30161467,B3471101,B3471100,19
I50,2025-14,30161467,B3471101,B3471100,20
I50,2025-15,30161467,B3471101,B3471100,5
I50,2025-17,30161467,B3471101,B3471100,6
I50,2025-18,30161467,B3471101,B3471100,5
I50,2024-18,3600530847914,B2118802,B2118800,7
I50,2024-19,3600530847914,B2118802,B2118800,18
I50,2024-20,3600530847914,B2118802,B2118800,8
I50,2024-21,3600530847914,B2118802,B2118800,6
I50,2024-22,3600530847914,B2118802,B2118800,6
I50,2024-23,3600530847914,B2118802,B2118800,14
I50,2024-24,3600530847914,B2118802,B2118800,21
I50,2024-25,3600530847914,B2118802,B2118800,22
I50,2024-26,3600530847914,B2118802,B2118800,106
I50,2024-27,3600530847914,B2118802,B2118800,119
I50,2024-28,3600530847914,B2118802,B2118800,97
I50,2024-29,3600530847914,B2118802,B2118800,70
I50,2024-30,3600530847914,B2118802,B2118800,22
I50,2024-31,3600530847914,B2118802,B2118800,4
I50,2024-32,3600530847914,B2118802,B2118800,12
I50,2024-33,3600530847914,B2118802,B2118800,11
I50,2024-34,3600530847914,B2118802,B2118800,19
I50,2024-35,3600530847914,B2118802,B2118800,14
I50,2024-36,3600530847914,B2118802,B2118800,2
I50,2024-38,3600530847914,B2118802,B2118800,8
I50,2024-39,3600530847914,B2118802,B2118800,7
I50,2024-40,3600530847914,B2118802,B2118800,7
I50,2024-41,3600530847914,B2118802,B2118800,11
I50,2024-42,3600530847914,B2118802,B2118800,10
I50,2024-43,3600530847914,B2118802,B2118800,4
I50,2024-44,3600530847914,B2118802,B2118800,14
I50,2024-45,3600530847914,B2118802,B2118800,11
I50,2024-46,3600530847914,B2118802,B2118800,11
I50,2024-47,3600530847914,B2118802,B2118800,25
I50,2024-48,3600530847914,B2118802,B2118800,74
I50,2024-49,3600530847914,B2118802,B2118800,15
I50,2024-50,3600530847914,B2118802,B2118800,13
I50,2024-51,3600530847914,B2118802,B2118800,17
I50,2024-52,3600530847914,B2118802,B2118800,20
I50,2024-53,3600530847914,B2118802,B2118800,5
I50,2025-00,3600530847914,B2118802,B2118800,20
I50,2025-01,3600530847914,B2118802,B2118800,56
I50,2025-02,3600530847914,B2118802,B2118800,57
I50,2025-03,3600530847914,B2118802,B2118800,40
I50,2025-04,3600530847914,B2118802,B2118800,54
I50,2025-05,3600530847914,B2118802,B2118800,17
I50,2025-06,3600530847914,B2118802,B2118800,17
I50,2025-07,3600530847914,B2118802,B2118800,16
I50,2025-08,3600530847914,B2118802,B2118800,8
I50,2025-09,3600530847914,B2118802,B2118800,9
I50,2025-10,3600530847914,B2118802,B2118800,2
I50,2025-13,3600530847914,B2118802,B2118800,2
I50,2025-15,3600530847914,B2118802,B2118800,2
I50,2025-17,3600530847914,B2118802,B2118800,3
I50,2024-18,3600531089795,YFR10098,B2458801,11
I50,2024-19,3600531089795,YFR10098,B2458801,13
I50,2024-20,3600531089795,YFR10098,B2458801,6
I50,2024-21,3600531089795,YFR10098,B2458801,12
I50,2024-22,3600531089795,YFR10098,B2458801,4
I50,2024-23,3600531089795,YFR10098,B2458801,4
I50,2024-26,3600531089795,YFR10098,B2458801,65
I50,2024-27,3600531089795,YFR10098,B2458801,36
I50,2024-28,3600531089795,YFR10098,B2458801,17
I50,2024-29,3600531089795,YFR10098,B2458801,10
I50,2024-30,3600531089795,YFR10098,B2458801,8
I50,2024-31,3600531089795,YFR10098,B2458801,5
I50,2024-32,3600531089795,YFR10098,B2458801,3
I50,2024-33,3600531089795,YFR10098,B2458801,9
I50,2024-34,3600531089795,YFR10098,B2458801,10
I50,2024-35,3600531089795,YFR10098,B2458801,2
I50,2024-36,3600531089795,YFR10098,B2458801,2
I50,2024-37,3600531089795,YFR10098,B2458801,3
I50,2024-40,3600531089795,YFR10098,B2458801,2
I50,2024-41,3600531089795,YFR10098,B2458801,3
I50,2024-42,3600531089795,YFR10098,B2458801,6
I50,2024-43,3600531089795,YFR10098,B2458801,1
I50,2024-44,3600531089795,YFR10098,B2458801,10
I50,2024-45,3600531089795,YFR10098,B2458801,11
I50,2024-46,3600531089795,YFR10098,B2458801,4
I50,2024-47,3600531089795,YFR10098,B2458801,5
I50,2024-48,3600531089795,YFR10098,B2458801,23
I50,2024-50,3600531089795,YFR10098,B2458801,1
I50,2024-51,3600531089795,YFR10098,B2458801,4
I50,2024-52,3600531089795,YFR10098,B2458801,6
I50,2024-53,3600531089795,YFR10098,B2458801,4
I50,2025-00,3600531089795,YFR10098,B2458801,12
I50,2025-01,3600531089795,YFR10098,B2458801,31
I50,2025-02,3600531089795,YFR10098,B2458801,50
I50,2025-03,3600531089795,YFR10098,B2458801,32
I50,2025-04,3600531089795,YFR10098,B2458801,41
I50,2025-11,3600531089795,YFR10098,B2458801,2
I50,2025-12,3600531089795,YFR10098,B2458801,6
I50,2025-13,3600531089795,YFR10098,B2458801,8
I50,2025-14,3600531089795,YFR10098,B2458801,11
I50,2025-15,3600531089795,YFR10098,B2458801,8
I50,2025-16,3600531089795,YFR10098,B2458801,12
I50,2025-17,3600531089795,YFR10098,B2458801,5
I50,2025-18,3600531089795,YFR10098,B2458801,12
I50,2024-23,800897085605,K2387705,K2387700,17
I50,2024-24,800897085605,K2387705,K2387700,22
I50,2024-25,800897085605,K2387705,K2387700,17
I50,2024-26,800897085605,K2387705,K2387700,26
I50,2024-27,800897085605,K2387705,K2387700,24
I50,2024-28,800897085605,K2387705,K2387700,23
I50,2024-29,800897085605,K2387705,K2387700,14
I50,2024-30,800897085605,K2387705,K2387700,15
I50,2024-31,800897085605,K2387705,K2387700,17
I50,2024-32,800897085605,K2387705,K2387700,13
I50,2024-33,800897085605,K2387705,K2387700,16
I50,2024-34,800897085605,K2387705,K2387700,16
I50,2024-35,800897085605,K2387705,K2387700,20
I50,2024-36,800897085605,K2387705,K2387700,20
I50,2024-37,800897085605,K2387705,K2387700,11
I50,2024-38,800897085605,K2387705,K2387700,11
I50,2024-39,800897085605,K2387705,K2387700,9
I50,2024-40,800897085605,K2387705,K2387700,10
I50,2024-41,800897085605,K2387705,K2387700,13
I50,2024-42,800897085605,K2387705,K2387700,11
I50,2024-43,800897085605,K2387705,K2387700,16
I50,2024-44,800897085605,K2387705,K2387700,25
I50,2024-45,800897085605,K2387705,K2387700,33
I50,2024-46,800897085605,K2387705,K2387700,25
I50,2024-47,800897085605,K2387705,K2387700,52
I50,2024-48,800897085605,K2387705,K2387700,73
I50,2024-49,800897085605,K2387705,K2387700,33
I50,2024-50,800897085605,K2387705,K2387700,43
I50,2024-51,800897085605,K2387705,K2387700,21
I50,2024-52,800897085605,K2387705,K2387700,34
I50,2024-53,800897085605,K2387705,K2387700,10
I50,2025-00,800897085605,K2387705,K2387700,25
I50,2025-01,800897085605,K2387705,K2387700,29
I50,2025-02,800897085605,K2387705,K2387700,22
I50,2025-03,800897085605,K2387705,K2387700,21
I50,2025-04,800897085605,K2387705,K2387700,21
I50,2025-05,800897085605,K2387705,K2387700,16
I50,2025-06,800897085605,K2387705,K2387700,22
I50,2025-07,800897085605,K2387705,K2387700,29
I50,2025-08,800897085605,K2387705,K2387700,17
I50,2025-09,800897085605,K2387705,K2387700,13
I50,2025-10,800897085605,K2387705,K2387700,17
I50,2025-11,800897085605,K2387705,K2387700,14
I50,2025-12,800897085605,K2387705,K2387700,18
I50,2025-13,800897085605,K2387705,K2387700,23
I50,2025-14,800897085605,K2387705,K2387700,19
I50,2025-15,800897085605,K2387705,K2387700,32
I50,2025-16,800897085605,K2387705,K2387700,21
I50,2025-17,800897085605,K2387705,K2387700,20
I50,2025-18,800897085605,K2387705,K2387700,12
I50,2024-18,800897123277,K4009608,K4009600,11
I50,2024-19,800897123277,K4009608,K4009600,20
I50,2024-20,800897123277,K4009608,K4009600,14
I50,2024-21,800897123277,K4009608,K4009600,4
I50,2024-22,800897123277,K4009608,K4009600,9
I50,2024-23,800897123277,K4009608,K4009600,6
I50,2024-24,800897123277,K4009608,K4009600,4
I50,2024-25,800897123277,K4009608,K4009600,6
I50,2024-26,800897123277,K4009608,K4009600,14
I50,2024-27,800897123277,K4009608,K4009600,10
I50,2024-28,800897123277,K4009608,K4009600,12
I50,2024-29,800897123277,K4009608,K4009600,11
I50,2024-30,800897123277,K4009608,K4009600,5
I50,2024-31,800897123277,K4009608,K4009600,14
I50,2024-32,800897123277,K4009608,K4009600,2
I50,2024-33,800897123277,K4009608,K4009600,11
I50,2024-34,800897123277,K4009608,K4009600,12
I50,2024-35,800897123277,K4009608,K4009600,12
I50,2024-36,800897123277,K4009608,K4009600,13
I50,2024-37,800897123277,K4009608,K4009600,4
I50,2024-38,800897123277,K4009608,K4009600,7
I50,2024-39,800897123277,K4009608,K4009600,7
I50,2024-40,800897123277,K4009608,K4009600,6
I50,2024-41,800897123277,K4009608,K4009600,5
I50,2024-42,800897123277,K4009608,K4009600,5
I50,2024-44,800897123277,K4009608,K4009600,10
I50,2024-45,800897123277,K4009608,K4009600,4
I50,2024-46,800897123277,K4009608,K4009600,9
I50,2024-47,800897123277,K4009608,K4009600,19
I50,2024-48,800897123277,K4009608,K4009600,26
I50,2024-49,800897123277,K4009608,K4009600,8
I50,2024-50,800897123277,K4009608,K4009600,12
I50,2024-51,800897123277,K4009608,K4009600,6
I50,2024-52,800897123277,K4009608,K4009600,9
I50,2024-53,800897123277,K4009608,K4009600,4
I50,2025-00,800897123277,K4009608,K4009600,5
I50,2025-01,800897123277,K4009608,K4009600,6
I50,2025-02,800897123277,K4009608,K4009600,7
I50,2025-03,800897123277,K4009608,K4009600,6
I50,2025-04,800897123277,K4009608,K4009600,14
I50,2025-05,800897123277,K4009608,K4009600,7
I50,2025-07,800897123277,K4009608,K4009600,9
I50,2025-08,800897123277,K4009608,K4009600,6
I50,2025-09,800897123277,K4009608,K4009600,13
I50,2025-10,800897123277,K4009608,K4009600,19
I50,2025-11,800897123277,K4009608,K4009600,15
I50,2025-12,800897123277,K4009608,K4009600,9
I50,2025-13,800897123277,K4009608,K4009600,14
I50,2025-14,800897123277,K4009608,K4009600,15
I50,2025-15,800897123277,K4009608,K4009600,13
I50,2025-16,800897123277,K4009608,K4009600,17
I50,2025-17,800897123277,K4009608,K4009600,13
I50,2025-18,800897123277,K4009608,K4009600,4
I50,2024-18,800897182618,K3445202,K3445200,19
I50,2024-19,800897182618,K3445202,K3445200,17
I50,2024-20,800897182618,K3445202,K3445200,7
I50,2024-21,800897182618,K3445202,K3445200,3
I50,2024-22,800897182618,K3445202,K3445200,5
I50,2024-23,800897182618,K3445202,K3445200,18
I50,2024-24,800897182618,K3445202,K3445200,17
I50,2024-25,800897182618,K3445202,K3445200,16
I50,2024-26,800897182618,K3445202,K3445200,26
I50,2024-27,800897182618,K3445202,K3445200,30
I50,2024-28,800897182618,K3445202,K3445200,35
I50,2024-29,800897182618,K3445202,K3445200,20
I50,2024-30,800897182618,K3445202,K3445200,16
I50,2024-31,800897182618,K3445202,K3445200,17
I50,2024-32,800897182618,K3445202,K3445200,10
I50,2024-33,800897182618,K3445202,K3445200,8
I50,2024-34,800897182618,K3445202,K3445200,3
I50,2024-35,800897182618,K3445202,K3445200,8
I50,2024-36,800897182618,K3445202,K3445200,13
I50,2024-37,800897182618,K3445202,K3445200,8
I50,2024-38,800897182618,K3445202,K3445200,3
I50,2024-39,800897182618,K3445202,K3445200,2
I50,2024-40,800897182618,K3445202,K3445200,1
I50,2024-41,800897182618,K3445202,K3445200,3
I50,2024-42,800897182618,K3445202,K3445200,2
I50,2024-43,800897182618,K3445202,K3445200,5
I50,2024-44,800897182618,K3445202,K3445200,20
I50,2024-45,800897182618,K3445202,K3445200,8
I50,2024-46,800897182618,K3445202,K3445200,2
I50,2024-47,800897182618,K3445202,K3445200,24
I50,2024-48,800897182618,K3445202,K3445200,45
I50,2024-49,800897182618,K3445202,K3445200,14
I50,2024-50,800897182618,K3445202,K3445200,13
I50,2024-51,800897182618,K3445202,K3445200,16
I50,2024-52,800897182618,K3445202,K3445200,27
I50,2024-53,800897182618,K3445202,K3445200,9
I50,2025-00,800897182618,K3445202,K3445200,10
I50,2025-01,800897182618,K3445202,K3445200,28
I50,2025-02,800897182618,K3445202,K3445200,20
I50,2025-03,800897182618,K3445202,K3445200,12
I50,2025-04,800897182618,K3445202,K3445200,28
I50,2025-05,800897182618,K3445202,K3445200,3
I50,2025-06,800897182618,K3445202,K3445200,2
I50,2025-07,800897182618,K3445202,K3445200,5
I50,2025-08,800897182618,K3445202,K3445200,6
I50,2025-09,800897182618,K3445202,K3445200,5
I50,2025-10,800897182618,K3445202,K3445200,7
I50,2025-11,800897182618,K3445202,K3445200,2
I50,2025-12,800897182618,K3445202,K3445200,8
I50,2025-13,800897182618,K3445202,K3445200,8
I50,2025-14,800897182618,K3445202,K3445200,16
I50,2025-15,800897182618,K3445202,K3445200,10
I50,2025-16,800897182618,K3445202,K3445200,11
I50,2025-17,800897182618,K3445202,K3445200,2
I50,2025-18,800897182618,K3445202,K3445200,11
I50,2024-18,800897192303,K3611201,K3611200,7
I50,2024-19,800897192303,K3611201,K3611200,27
I50,2024-20,800897192303,K3611201,K3611200,4
I50,2024-21,800897192303,K3611201,K3611200,7
I50,2024-22,800897192303,K3611201,K3611200,4
I50,2024-23,800897192303,K3611201,K3611200,6
I50,2024-24,800897192303,K3611201,K3611200,10
I50,2024-25,800897192303,K3611201,K3611200,11
I50,2024-26,800897192303,K3611201,K3611200,33
I50,2024-27,800897192303,K3611201,K3611200,24
I50,2024-28,800897192303,K3611201,K3611200,15
I50,2024-29,800897192303,K3611201,K3611200,10
I50,2024-30,800897192303,K3611201,K3611200,8
I50,2024-31,800897192303,K3611201,K3611200,1
I50,2024-32,800897192303,K3611201,K3611200,6
I50,2024-33,800897192303,K3611201,K3611200,6
I50,2024-34,800897192303,K3611201,K3611200,5
I50,2024-35,800897192303,K3611201,K3611200,1
I50,2024-36,800897192303,K3611201,K3611200,1
I50,2024-37,800897192303,K3611201,K3611200,1
I50,2024-38,800897192303,K3611201,K3611200,1
I50,2024-40,800897192303,K3611201,K3611200,4
I50,2024-41,800897192303,K3611201,K3611200,3
I50,2024-42,800897192303,K3611201,K3611200,6
I50,2024-43,800897192303,K3611201,K3611200,2
I50,2024-44,800897192303,K3611201,K3611200,17
I50,2024-45,800897192303,K3611201,K3611200,7
I50,2024-46,800897192303,K3611201,K3611200,4
I50,2024-47,800897192303,K3611201,K3611200,18
I50,2024-48,800897192303,K3611201,K3611200,44
I50,2024-49,800897192303,K3611201,K3611200,12
I50,2024-50,800897192303,K3611201,K3611200,3
I50,2024-51,800897192303,K3611201,K3611200,8
I50,2024-52,800897192303,K3611201,K3611200,10
I50,2024-53,800897192303,K3611201,K3611200,1
I50,2025-00,800897192303,K3611201,K3611200,7
I50,2025-01,800897192303,K3611201,K3611200,9
I50,2025-02,800897192303,K3611201,K3611200,10
I50,2025-03,800897192303,K3611201,K3611200,7
I50,2025-04,800897192303,K3611201,K3611200,14
I50,2025-05,800897192303,K3611201,K3611200,2
I50,2025-06,800897192303,K3611201,K3611200,2
I50,2025-10,800897192303,K3611201,K3611200,3
I50,2025-11,800897192303,K3611201,K3611200,2
I50,2025-12,800897192303,K3611201,K3611200,2
I50,2024-18,800897225254,K5230200,K5230200,4
I50,2024-19,800897225254,K5230200,K5230200,12
I50,2024-20,800897225254,K5230200,K5230200,2
I50,2024-21,800897225254,K5230200,K5230200,4
I50,2024-22,800897225254,K5230200,K5230200,2
I50,2024-23,800897225254,K5230200,K5230200,2
I50,2024-24,800897225254,K5230200,K5230200,19
I50,2024-25,800897225254,K5230200,K5230200,16
I50,2024-26,800897225254,K5230200,K5230200,40
I50,2024-27,800897225254,K5230200,K5230200,40
I50,2024-28,800897225254,K5230200,K5230200,26
I50,2024-29,800897225254,K5230200,K5230200,10
I50,2024-30,800897225254,K5230200,K5230200,6
I50,2024-31,800897225254,K5230200,K5230200,2
I50,2024-32,800897225254,K5230200,K5230200,5
I50,2024-33,800897225254,K5230200,K5230200,17
I50,2024-34,800897225254,K5230200,K5230200,7
I50,2024-35,800897225254,K5230200,K5230200,16
I50,2024-36,800897225254,K5230200,K5230200,6
I50,2024-37,800897225254,K5230200,K5230200,3
I50,2024-38,800897225254,K5230200,K5230200,3
I50,2024-39,800897225254,K5230200,K5230200,7
I50,2024-40,800897225254,K5230200,K5230200,5
I50,2024-41,800897225254,K5230200,K5230200,4
I50,2024-42,800897225254,K5230200,K5230200,2
I50,2024-43,800897225254,K5230200,K5230200,7
I50,2024-44,800897225254,K5230200,K5230200,4
I50,2024-45,800897225254,K5230200,K5230200,6
I50,2024-46,800897225254,K5230200,K5230200,1
I50,2024-47,800897225254,K5230200,K5230200,26
I50,2024-48,800897225254,K5230200,K5230200,34
I50,2024-49,800897225254,K5230200,K5230200,6
I50,2024-50,800897225254,K5230200,K5230200,5
I50,2024-51,800897225254,K5230200,K5230200,3
I50,2024-52,800897225254,K5230200,K5230200,16
I50,2024-53,800897225254,K5230200,K5230200,3
I50,2025-00,800897225254,K5230200,K5230200,6
I50,2025-01,800897225254,K5230200,K5230200,10
I50,2025-02,800897225254,K5230200,K5230200,12
I50,2025-03,800897225254,K5230200,K5230200,11
I50,2025-04,800897225254,K5230200,K5230200,6
I50,2025-05,800897225254,K5230200,K5230200,3
I50,2025-06,800897225254,K5230200,K5230200,5
I50,2025-07,800897225254,K5230200,K5230200,4
I50,2025-08,800897225254,K5230200,K5230200,4
I50,2025-09,800897225254,K5230200,K5230200,5
I50,2025-10,800897225254,K5230200,K5230200,3
I50,2025-11,800897225254,K5230200,K5230200,4
I50,2025-12,800897225254,K5230200,K5230200,3
I50,2025-13,800897225254,K5230200,K5230200,9
I50,2025-14,800897225254,K5230200,K5230200,9
I50,2025-15,800897225254,K5230200,K5230200,10
I50,2025-16,800897225254,K5230200,K5230200,5
I50,2025-17,800897225254,K5230200,K5230200,15
I50,2025-18,800897225254,K5230200,K5230200,45
I50,2025-19,800897225254,K5230200,K5230200,1
I50,2024-18,800897846008,K4262104,K4262100,40
I50,2024-19,800897846008,K4262104,K4262100,93
I50,2024-20,800897846008,K4262104,K4262100,27
I50,2024-21,800897846008,K4262104,K4262100,38
I50,2024-22,800897846008,K4262104,K4262100,57
I50,2024-23,800897846008,K4262104,K4262100,75
I50,2024-24,800897846008,K4262104,K4262100,104
I50,2024-25,800897846008,K4262104,K4262100,38
I50,2024-26,800897846008,K4262104,K4262100,106
I50,2024-27,800897846008,K4262104,K4262100,119
I50,2024-28,800897846008,K4262104,K4262100,107
I50,2024-29,800897846008,K4262104,K4262100,73
I50,2024-30,800897846008,K4262104,K4262100,54
I50,2024-31,800897846008,K4262104,K4262100,74
I50,2024-32,800897846008,K4262104,K4262100,68
I50,2024-33,800897846008,K4262104,K4262100,64
I50,2024-34,800897846008,K4262104,K4262100,68
I50,2024-35,800897846008,K4262104,K4262100,64
I50,2024-36,800897846008,K4262104,K4262100,27
I50,2024-37,800897846008,K4262104,K4262100,19
I50,2024-38,800897846008,K4262104,K4262100,22
I50,2024-39,800897846008,K4262104,K4262100,48
I50,2024-40,800897846008,K4262104,K4262100,38
I50,2024-41,800897846008,K4262104,K4262100,24
I50,2024-42,800897846008,K4262104,K4262100,10
I50,2024-43,800897846008,K4262104,K4262100,18
I50,2024-44,800897846008,K4262104,K4262100,67
I50,2024-45,800897846008,K4262104,K4262100,53
I50,2024-46,800897846008,K4262104,K4262100,45
I50,2024-47,800897846008,K4262104,K4262100,2
I50,2024-50,800897846008,K4262104,K4262100,4
I50,2024-51,800897846008,K4262104,K4262100,3
I50,2024-52,800897846008,K4262104,K4262100,9
I50,2024-53,800897846008,K4262104,K4262100,2
I50,2025-00,800897846008,K4262104,K4262100,9
I50,2025-01,800897846008,K4262104,K4262100,6
I50,2025-02,800897846008,K4262104,K4262100,4
I50,2025-03,800897846008,K4262104,K4262100,2
I50,2025-04,800897846008,K4262104,K4262100,6
I50,2025-05,800897846008,K4262104,K4262100,1
I50,2025-06,800897846008,K4262104,K4262100,6
I50,2025-07,800897846008,K4262104,K4262100,11
I50,2025-08,800897846008,K4262104,K4262100,6
I50,2025-09,800897846008,K4262104,K4262100,9
I50,2025-10,800897846008,K4262104,K4262100,4
I50,2025-11,800897846008,K4262104,K4262100,8
I50,2025-12,800897846008,K4262104,K4262100,20
I50,2025-13,800897846008,K4262104,K4262100,30
I50,2025-14,800897846008,K4262104,K4262100,20
I50,2025-15,800897846008,K4262104,K4262100,36
I50,2025-16,800897846008,K4262104,K4262100,16
I50,2025-17,800897846008,K4262104,K4262100,20
I50,2025-18,800897846008,K4262104,K4262100,19
I50,2025-19,800897846008,K4262104,K4262100,1
Z90,2024-18,30152540,AA533100,AA532800,18
Z90,2024-19,30152540,AA533100,AA532800,37
Z90,2024-20,30152540,AA533100,AA532800,15
Z90,2024-21,30152540,AA533100,AA532800,26
Z90,2024-22,30152540,AA533100,AA532800,25
Z90,2024-23,30152540,AA533100,AA532800,15
Z90,2024-24,30152540,AA533100,AA532800,17
Z90,2024-25,30152540,AA533100,AA532800,7
Z90,2024-26,30152540,AA533100,AA532800,6
Z90,2024-27,30152540,AA533100,AA532800,3
Z90,2024-28,30152540,AA533100,AA532800,2
Z90,2024-29,30152540,AA533100,AA532800,3
Z90,2024-30,30152540,AA533100,AA532800,18
Z90,2024-31,30152540,AA533100,AA532800,20
Z90,2024-32,30152540,AA533100,AA532800,22
Z90,2024-33,30152540,AA533100,AA532800,28
Z90,2024-34,30152540,AA533100,AA532800,343
Z90,2024-35,30152540,AA533100,AA532800,1
Z90,2024-36,30152540,AA533100,AA532800,3
Z90,2024-37,30152540,AA533100,AA532800,9
Z90,2024-38,30152540,AA533100,AA532800,10
Z90,2024-39,30152540,AA533100,AA532800,11
Z90,2024-40,30152540,AA533100,AA532800,12
Z90,2024-41,30152540,AA533100,AA532800,7
Z90,2024-42,30152540,AA533100,AA532800,6
Z90,2024-43,30152540,AA533100,AA532800,10
Z90,2024-44,30152540,AA533100,AA532800,14
Z90,2024-45,30152540,AA533100,AA532800,12
Z90,2024-46,30152540,AA533100,AA532800,5
Z90,2024-47,30152540,AA533100,AA532800,43
Z90,2024-48,30152540,AA533100,AA532800,86
Z90,2024-49,30152540,AA533100,AA532800,11
Z90,2025-00,30152540,AA533100,AA532800,2
Z90,2025-02,30152540,AA533100,AA532800,25
Z90,2025-03,30152540,AA533100,AA532800,21
Z90,2025-04,30152540,AA533100,AA532800,11
Z90,2025-05,30152540,AA533100,AA532800,10
Z90,2025-06,30152540,AA533100,AA532800,6
Z90,2025-07,30152540,AA533100,AA532800,18
Z90,2025-08,30152540,AA533100,AA532800,8
Z90,2025-09,30152540,AA533100,AA532800,3
Z90,2025-10,30152540,AA533100,AA532800,9
Z90,2025-11,30152540,AA533100,AA532800,4
Z90,2025-12,30152540,AA533100,AA532800,3
Z90,2025-13,30152540,AA533100,AA532800,8
Z90,2025-14,30152540,AA533100,AA532800,15
Z90,2025-15,30152540,AA533100,AA532800,12
Z90,2025-16,30152540,AA533100,AA532800,10
Z90,2025-17,30152540,AA533100,AA532800,7
Z90,2025-18,30152540,AA533100,AA532800,11
Z90,2025-19,30152540,AA533100,AA532800,3
Z90,2024-18,30161467,B3471101,B3471100,16
Z90,2024-19,30161467,B3471101,B3471100,41
Z90,2024-20,30161467,B3471101,B3471100,3
Z90,2024-21,30161467,B3471101,B3471100,9
Z90,2024-22,30161467,B3471101,B3471100,3
Z90,2024-23,30161467,B3471101,B3471100,11
Z90,2024-24,30161467,B3471101,B3471100,16
Z90,2024-25,30161467,B3471101,B3471100,12
Z90,2024-26,30161467,B3471101,B3471100,32
Z90,2024-27,30161467,B3471101,B3471100,71
Z90,2024-28,30161467,B3471101,B3471100,76
Z90,2024-29,30161467,B3471101,B3471100,54
Z90,2024-30,30161467,B3471101,B3471100,15
Z90,2024-32,30161467,B3471101,B3471100,1
Z90,2024-33,30161467,B3471101,B3471100,6
Z90,2024-34,30161467,B3471101,B3471100,18
Z90,2024-35,30161467,B3471101,B3471100,10
Z90,2024-36,30161467,B3471101,B3471100,3
Z90,2024-37,30161467,B3471101,B3471100,6
Z90,2024-38,30161467,B3471101,B3471100,6
Z90,2024-39,30161467,B3471101,B3471100,20
Z90,2024-40,30161467,B3471101,B3471100,16
Z90,2024-41,30161467,B3471101,B3471100,13
Z90,2024-42,30161467,B3471101,B3471100,22
Z90,2024-43,30161467,B3471101,B3471100,16
Z90,2024-44,30161467,B3471101,B3471100,21
Z90,2024-45,30161467,B3471101,B3471100,9
Z90,2024-46,30161467,B3471101,B3471100,13
Z90,2024-47,30161467,B3471101,B3471100,25
Z90,2024-48,30161467,B3471101,B3471100,64
Z90,2024-49,30161467,B3471101,B3471100,22
Z90,2024-50,30161467,B3471101,B3471100,14
Z90,2024-51,30161467,B3471101,B3471100,6
Z90,2024-52,30161467,B3471101,B3471100,4
Z90,2024-53,30161467,B3471101,B3471100,1
Z90,2025-01,30161467,B3471101,B3471100,6
Z90,2025-02,30161467,B3471101,B3471100,1
Z90,2025-03,30161467,B3471101,B3471100,3
Z90,2025-06,30161467,B3471101,B3471100,9
Z90,2025-07,30161467,B3471101,B3471100,19
Z90,2025-08,30161467,B3471101,B3471100,12
Z90,2025-09,30161467,B3471101,B3471100,7
Z90,2025-10,30161467,B3471101,B3471100,1
Z90,2025-12,30161467,B3471101,B3471100,4
Z90,2025-13,30161467,B3471101,B3471100,10
Z90,2025-14,30161467,B3471101,B3471100,27
Z90,2025-15,30161467,B3471101,B3471100,22
Z90,2025-16,30161467,B3471101,B3471100,8
Z90,2025-17,30161467,B3471101,B3471100,7
Z90,2025-18,30161467,B3471101,B3471100,25
Z90,2025-19,30161467,B3471101,B3471100,1
Z90,2024-18,3600530847914,B2118802,B2118800,11
Z90,2024-19,3600530847914,B2118802,B2118800,27
Z90,2024-20,3600530847914,B2118802,B2118800,15
Z90,2024-21,3600530847914,B2118802,B2118800,14
Z90,2024-22,3600530847914,B2118802,B2118800,6
Z90,2024-23,3600530847914,B2118802,B2118800,30
Z90,2024-24,3600530847914,B2118802,B2118800,21
Z90,2024-25,3600530847914,B2118802,B2118800,41
Z90,2024-26,3600530847914,B2118802,B2118800,200
Z90,2024-27,3600530847914,B2118802,B2118800,141
Z90,2024-28,3600530847914,B2118802,B2118800,85
Z90,2024-29,3600530847914,B2118802,B2118800,107
Z90,2024-30,3600530847914,B2118802,B2118800,44
Z90,2024-31,3600530847914,B2118802,B2118800,23
Z90,2024-32,3600530847914,B2118802,B2118800,15
Z90,2024-33,3600530847914,B2118802,B2118800,14
Z90,2024-34,3600530847914,B2118802,B2118800,74
Z90,2024-35,3600530847914,B2118802,B2118800,40
Z90,2024-36,3600530847914,B2118802,B2118800,20
Z90,2024-37,3600530847914,B2118802,B2118800,12
Z90,2024-38,3600530847914,B2118802,B2118800,15
Z90,2024-39,3600530847914,B2118802,B2118800,36
Z90,2024-40,3600530847914,B2118802,B2118800,14
Z90,2024-41,3600530847914,B2118802,B2118800,29
Z90,2024-42,3600530847914,B2118802,B2118800,4
Z90,2024-43,3600530847914,B2118802,B2118800,22
Z90,2024-44,3600530847914,B2118802,B2118800,44
Z90,2024-45,3600530847914,B2118802,B2118800,14
Z90,2024-46,3600530847914,B2118802,B2118800,20
Z90,2024-47,3600530847914,B2118802,B2118800,86
Z90,2024-48,3600530847914,B2118802,B2118800,124
Z90,2024-49,3600530847914,B2118802,B2118800,24
Z90,2024-50,3600530847914,B2118802,B2118800,20
Z90,2024-51,3600530847914,B2118802,B2118800,30
Z90,2024-52,3600530847914,B2118802,B2118800,17
Z90,2024-53,3600530847914,B2118802,B2118800,8
Z90,2025-00,3600530847914,B2118802,B2118800,27
Z90,2025-01,3600530847914,B2118802,B2118800,92
Z90,2025-02,3600530847914,B2118802,B2118800,99
Z90,2025-03,3600530847914,B2118802,B2118800,70
Z90,2025-04,3600530847914,B2118802,B2118800,52
Z90,2025-05,3600530847914,B2118802,B2118800,20
Z90,2025-06,3600530847914,B2118802,B2118800,9
Z90,2025-07,3600530847914,B2118802,B2118800,24
Z90,2025-08,3600530847914,B2118802,B2118800,7
Z90,2025-09,3600530847914,B2118802,B2118800,5
Z90,2025-10,3600530847914,B2118802,B2118800,1
Z90,2025-15,3600530847914,B2118802,B2118800,6
Z90,2025-16,3600530847914,B2118802,B2118800,8
Z90,2025-17,3600530847914,B2118802,B2118800,9
Z90,2025-18,3600530847914,B2118802,B2118800,1
Z90,2024-18,3600531089795,YFR10098,B2458801,12
Z90,2024-19,3600531089795,YFR10098,B2458801,24
Z90,2024-20,3600531089795,YFR10098,B2458801,5
Z90,2024-21,3600531089795,YFR10098,B2458801,3
Z90,2024-22,3600531089795,YFR10098,B2458801,2
Z90,2024-23,3600531089795,YFR10098,B2458801,10
Z90,2024-24,3600531089795,YFR10098,B2458801,20
Z90,2024-25,3600531089795,YFR10098,B2458801,4
Z90,2024-26,3600531089795,YFR10098,B2458801,31
Z90,2024-27,3600531089795,YFR10098,B2458801,71
Z90,2024-28,3600531089795,YFR10098,B2458801,48
Z90,2024-29,3600531089795,YFR10098,B2458801,59
Z90,2024-30,3600531089795,YFR10098,B2458801,26
Z90,2024-31,3600531089795,YFR10098,B2458801,5
Z90,2024-32,3600531089795,YFR10098,B2458801,12
Z90,2024-33,3600531089795,YFR10098,B2458801,11
Z90,2024-34,3600531089795,YFR10098,B2458801,15
Z90,2024-35,3600531089795,YFR10098,B2458801,14
Z90,2024-36,3600531089795,YFR10098,B2458801,8
Z90,2024-37,3600531089795,YFR10098,B2458801,10
Z90,2024-38,3600531089795,YFR10098,B2458801,13
Z90,2024-39,3600531089795,YFR10098,B2458801,5
Z90,2024-40,3600531089795,YFR10098,B2458801,17
Z90,2024-41,3600531089795,YFR10098,B2458801,24
Z90,2024-42,3600531089795,YFR10098,B2458801,15
Z90,2024-43,3600531089795,YFR10098,B2458801,16
Z90,2024-44,3600531089795,YFR10098,B2458801,26
Z90,2024-45,3600531089795,YFR10098,B2458801,10
Z90,2024-46,3600531089795,YFR10098,B2458801,17
Z90,2024-47,3600531089795,YFR10098,B2458801,59
Z90,2024-48,3600531089795,YFR10098,B2458801,50
Z90,2024-49,3600531089795,YFR10098,B2458801,39
Z90,2024-50,3600531089795,YFR10098,B2458801,26
Z90,2024-51,3600531089795,YFR10098,B2458801,21
Z90,2024-52,3600531089795,YFR10098,B2458801,20
Z90,2024-53,3600531089795,YFR10098,B2458801,6
Z90,2025-00,3600531089795,YFR10098,B2458801,1
Z90,2025-01,3600531089795,YFR10098,B2458801,6
Z90,2025-03,3600531089795,YFR10098,B2458801,5
Z90,2025-04,3600531089795,YFR10098,B2458801,3
Z90,2025-05,3600531089795,YFR10098,B2458801,20
Z90,2025-06,3600531089795,YFR10098,B2458801,8
Z90,2025-07,3600531089795,YFR10098,B2458801,7
Z90,2025-08,3600531089795,YFR10098,B2458801,2
Z90,2025-10,3600531089795,YFR10098,B2458801,3
Z90,2025-11,3600531089795,YFR10098,B2458801,2
Z90,2025-12,3600531089795,YFR10098,B2458801,3
Z90,2025-13,3600531089795,YFR10098,B2458801,5
Z90,2025-14,3600531089795,YFR10098,B2458801,9
Z90,2025-15,3600531089795,YFR10098,B2458801,4
Z90,2025-16,3600531089795,YFR10098,B2458801,4
Z90,2025-17,3600531089795,YFR10098,B2458801,9
Z90,2025-18,3600531089795,YFR10098,B2458801,14
Z90,2025-19,3600531089795,YFR10098,B2458801,1
Z90,2024-23,800897085605,K2387705,K2387700,110
Z90,2024-24,800897085605,K2387705,K2387700,33
Z90,2024-25,800897085605,K2387705,K2387700,24
Z90,2024-26,800897085605,K2387705,K2387700,45
Z90,2024-27,800897085605,K2387705,K2387700,49
Z90,2024-28,800897085605,K2387705,K2387700,33
Z90,2024-29,800897085605,K2387705,K2387700,54
Z90,2024-30,800897085605,K2387705,K2387700,23
Z90,2024-31,800897085605,K2387705,K2387700,30
Z90,2024-32,800897085605,K2387705,K2387700,19
Z90,2024-33,800897085605,K2387705,K2387700,39
Z90,2024-34,800897085605,K2387705,K2387700,42
Z90,2024-35,800897085605,K2387705,K2387700,35
Z90,2024-36,800897085605,K2387705,K2387700,43
Z90,2024-37,800897085605,K2387705,K2387700,33
Z90,2024-38,800897085605,K2387705,K2387700,6
Z90,2024-39,800897085605,K2387705,K2387700,23
Z90,2024-40,800897085605,K2387705,K2387700,30
Z90,2024-41,800897085605,K2387705,K2387700,23
Z90,2024-42,800897085605,K2387705,K2387700,22
Z90,2024-43,800897085605,K2387705,K2387700,28
Z90,2024-44,800897085605,K2387705,K2387700,48
Z90,2024-45,800897085605,K2387705,K2387700,17
Z90,2024-46,800897085605,K2387705,K2387700,15
Z90,2024-47,800897085605,K2387705,K2387700,50
Z90,2024-48,800897085605,K2387705,K2387700,107
Z90,2024-49,800897085605,K2387705,K2387700,37
Z90,2024-50,800897085605,K2387705,K2387700,32
Z90,2024-51,800897085605,K2387705,K2387700,55
Z90,2024-52,800897085605,K2387705,K2387700,66
Z90,2024-53,800897085605,K2387705,K2387700,14
Z90,2025-00,800897085605,K2387705,K2387700,28
Z90,2025-01,800897085605,K2387705,K2387700,39
Z90,2025-02,800897085605,K2387705,K2387700,50
Z90,2025-03,800897085605,K2387705,K2387700,41
Z90,2025-04,800897085605,K2387705,K2387700,22
Z90,2025-05,800897085605,K2387705,K2387700,13
Z90,2025-06,800897085605,K2387705,K2387700,20
Z90,2025-07,800897085605,K2387705,K2387700,22
Z90,2025-08,800897085605,K2387705,K2387700,14
Z90,2025-09,800897085605,K2387705,K2387700,12
Z90,2025-10,800897085605,K2387705,K2387700,12
Z90,2025-11,800897085605,K2387705,K2387700,16
Z90,2025-12,800897085605,K2387705,K2387700,21
Z90,2025-13,800897085605,K2387705,K2387700,25
Z90,2025-14,800897085605,K2387705,K2387700,14
Z90,2025-15,800897085605,K2387705,K2387700,20
Z90,2025-16,800897085605,K2387705,K2387700,19
Z90,2025-17,800897085605,K2387705,K2387700,19
Z90,2025-18,800897085605,K2387705,K2387700,24
Z90,2024-18,800897123277,K4009608,K4009600,11
Z90,2024-19,800897123277,K4009608,K4009600,26
Z90,2024-20,800897123277,K4009608,K4009600,8
Z90,2024-21,800897123277,K4009608,K4009600,10
Z90,2024-22,800897123277,K4009608,K4009600,12
Z90,2024-23,800897123277,K4009608,K4009600,99
Z90,2024-24,800897123277,K4009608,K4009600,15
Z90,2024-25,800897123277,K4009608,K4009600,7
Z90,2024-26,800897123277,K4009608,K4009600,11
Z90,2024-27,800897123277,K4009608,K4009600,20
Z90,2024-28,800897123277,K4009608,K4009600,17
Z90,2024-29,800897123277,K4009608,K4009600,19
Z90,2024-30,800897123277,K4009608,K4009600,4
Z90,2024-31,800897123277,K4009608,K4009600,3
Z90,2024-32,800897123277,K4009608,K4009600,6
Z90,2024-33,800897123277,K4009608,K4009600,4
Z90,2024-34,800897123277,K4009608,K4009600,9
Z90,2024-35,800897123277,K4009608,K4009600,8
Z90,2024-36,800897123277,K4009608,K4009600,7
Z90,2024-37,800897123277,K4009608,K4009600,1
Z90,2024-38,800897123277,K4009608,K4009600,3
Z90,2024-39,800897123277,K4009608,K4009600,5
Z90,2024-40,800897123277,K4009608,K4009600,4
Z90,2024-41,800897123277,K4009608,K4009600,4
Z90,2024-42,800897123277,K4009608,K4009600,1
Z90,2024-43,800897123277,K4009608,K4009600,11
Z90,2024-44,800897123277,K4009608,K4009600,3
Z90,2024-45,800897123277,K4009608,K4009600,6
Z90,2024-47,800897123277,K4009608,K4009600,13
Z90,2024-48,800897123277,K4009608,K4009600,16
Z90,2024-49,800897123277,K4009608,K4009600,7
Z90,2024-50,800897123277,K4009608,K4009600,8
Z90,2024-51,800897123277,K4009608,K4009600,14
Z90,2024-52,800897123277,K4009608,K4009600,14
Z90,2024-53,800897123277,K4009608,K4009600,2
Z90,2025-00,800897123277,K4009608,K4009600,4
Z90,2025-01,800897123277,K4009608,K4009600,24
Z90,2025-02,800897123277,K4009608,K4009600,12
Z90,2025-03,800897123277,K4009608,K4009600,18
Z90,2025-04,800897123277,K4009608,K4009600,1
Z90,2025-09,800897123277,K4009608,K4009600,1
Z90,2025-14,800897123277,K4009608,K4009600,1
Z90,2025-15,800897123277,K4009608,K4009600,1
Z90,2025-16,800897123277,K4009608,K4009600,1
Z90,2024-18,800897182618,K3445202,K3445200,3
Z90,2024-19,800897182618,K3445202,K3445200,18
Z90,2024-20,800897182618,K3445202,K3445200,7
Z90,2024-21,800897182618,K3445202,K3445200,2
Z90,2024-22,800897182618,K3445202,K3445200,7
Z90,2024-23,800897182618,K3445202,K3445200,22
Z90,2024-24,800897182618,K3445202,K3445200,16
Z90,2024-25,800897182618,K3445202,K3445200,9
Z90,2024-26,800897182618,K3445202,K3445200,57
Z90,2024-27,800897182618,K3445202,K3445200,54
Z90,2024-28,800897182618,K3445202,K3445200,50
Z90,2024-29,800897182618,K3445202,K3445200,27
Z90,2024-30,800897182618,K3445202,K3445200,7
Z90,2024-31,800897182618,K3445202,K3445200,10
Z90,2024-32,800897182618,K3445202,K3445200,6
Z90,2024-33,800897182618,K3445202,K3445200,17
Z90,2024-34,800897182618,K3445202,K3445200,19
Z90,2024-35,800897182618,K3445202,K3445200,8
Z90,2024-36,800897182618,K3445202,K3445200,10
Z90,2024-37,800897182618,K3445202,K3445200,6
Z90,2024-38,800897182618,K3445202,K3445200,12
Z90,2024-39,800897182618,K3445202,K3445200,8
Z90,2024-40,800897182618,K3445202,K3445200,7
Z90,2024-41,800897182618,K3445202,K3445200,10
Z90,2024-42,800897182618,K3445202,K3445200,5
Z90,2024-43,800897182618,K3445202,K3445200,9
Z90,2024-44,800897182618,K3445202,K3445200,7
Z90,2024-46,800897182618,K3445202,K3445200,6
Z90,2024-47,800897182618,K3445202,K3445200,19
Z90,2024-48,800897182618,K3445202,K3445200,55
Z90,2024-49,800897182618,K3445202,K3445200,18
Z90,2024-50,800897182618,K3445202,K3445200,13
Z90,2024-51,800897182618,K3445202,K3445200,18
Z90,2024-52,800897182618,K3445202,K3445200,26
Z90,2024-53,800897182618,K3445202,K3445200,4
Z90,2025-00,800897182618,K3445202,K3445200,9
Z90,2025-01,800897182618,K3445202,K3445200,28
Z90,2025-02,800897182618,K3445202,K3445200,13
Z90,2025-03,800897182618,K3445202,K3445200,18
Z90,2025-04,800897182618,K3445202,K3445200,15
Z90,2025-05,800897182618,K3445202,K3445200,6
Z90,2025-06,800897182618,K3445202,K3445200,6
Z90,2025-07,800897182618,K3445202,K3445200,17
Z90,2025-08,800897182618,K3445202,K3445200,5
Z90,2025-09,800897182618,K3445202,K3445200,6
Z90,2025-10,800897182618,K3445202,K3445200,6
Z90,2025-11,800897182618,K3445202,K3445200,3
Z90,2025-12,800897182618,K3445202,K3445200,6
Z90,2025-13,800897182618,K3445202,K3445200,5
Z90,2025-14,800897182618,K3445202,K3445200,4
Z90,2025-15,800897182618,K3445202,K3445200,11
Z90,2025-16,800897182618,K3445202,K3445200,2
Z90,2025-17,800897182618,K3445202,K3445200,3
Z90,2025-18,800897182618,K3445202,K3445200,1
Z90,2024-18,800897192303,K3611201,K3611200,6
Z90,2024-19,800897192303,K3611201,K3611200,16
Z90,2024-20,800897192303,K3611201,K3611200,5
Z90,2024-21,800897192303,K3611201,K3611200,12
Z90,2024-22,800897192303,K3611201,K3611200,4
Z90,2024-23,800897192303,K3611201,K3611200,2
Z90,2024-24,800897192303,K3611201,K3611200,10
Z90,2024-25,800897192303,K3611201,K3611200,5
Z90,2024-26,800897192303,K3611201,K3611200,20
Z90,2024-27,800897192303,K3611201,K3611200,23
Z90,2024-28,800897192303,K3611201,K3611200,24
Z90,2024-29,800897192303,K3611201,K3611200,21
Z90,2024-30,800897192303,K3611201,K3611200,6
Z90,2024-31,800897192303,K3611201,K3611200,2
Z90,2024-32,800897192303,K3611201,K3611200,2
Z90,2024-33,800897192303,K3611201,K3611200,10
Z90,2024-34,800897192303,K3611201,K3611200,20
Z90,2024-35,800897192303,K3611201,K3611200,9
Z90,2024-36,800897192303,K3611201,K3611200,6
Z90,2024-37,800897192303,K3611201,K3611200,1
Z90,2024-38,800897192303,K3611201,K3611200,10
Z90,2024-39,800897192303,K3611201,K3611200,12
Z90,2024-40,800897192303,K3611201,K3611200,5
Z90,2024-41,800897192303,K3611201,K3611200,7
Z90,2024-42,800897192303,K3611201,K3611200,10
Z90,2024-43,800897192303,K3611201,K3611200,17
Z90,2024-44,800897192303,K3611201,K3611200,13
Z90,2024-45,800897192303,K3611201,K3611200,4
Z90,2024-46,800897192303,K3611201,K3611200,12
Z90,2024-47,800897192303,K3611201,K3611200,26
Z90,2024-48,800897192303,K3611201,K3611200,63
Z90,2024-49,800897192303,K3611201,K3611200,17
Z90,2024-50,800897192303,K3611201,K3611200,13
Z90,2024-51,800897192303,K3611201,K3611200,16
Z90,2024-52,800897192303,K3611201,K3611200,17
Z90,2024-53,800897192303,K3611201,K3611200,3
Z90,2025-00,800897192303,K3611201,K3611200,12
Z90,2024-18,800897225254,K5230200,K5230200,5
Z90,2024-19,800897225254,K5230200,K5230200,9
Z90,2024-20,800897225254,K5230200,K5230200,3
Z90,2024-21,800897225254,K5230200,K5230200,5
Z90,2024-22,800897225254,K5230200,K5230200,3
Z90,2024-23,800897225254,K5230200,K5230200,2
Z90,2024-24,800897225254,K5230200,K5230200,11
Z90,2024-25,800897225254,K5230200,K5230200,3
Z90,2024-26,800897225254,K5230200,K5230200,40
Z90,2024-27,800897225254,K5230200,K5230200,25
Z90,2024-28,800897225254,K5230200,K5230200,21
Z90,2024-29,800897225254,K5230200,K5230200,28
Z90,2024-30,800897225254,K5230200,K5230200,11
Z90,2024-31,800897225254,K5230200,K5230200,4
Z90,2024-32,800897225254,K5230200,K5230200,10
Z90,2024-33,800897225254,K5230200,K5230200,16
Z90,2024-34,800897225254,K5230200,K5230200,21
Z90,2024-35,800897225254,K5230200,K5230200,8
Z90,2024-36,800897225254,K5230200,K5230200,5
Z90,2024-37,800897225254,K5230200,K5230200,4
Z90,2024-38,800897225254,K5230200,K5230200,9
Z90,2024-39,800897225254,K5230200,K5230200,5
Z90,2024-40,800897225254,K5230200,K5230200,5
Z90,2024-41,800897225254,K5230200,K5230200,4
Z90,2024-42,800897225254,K5230200,K5230200,5
Z90,2024-43,800897225254,K5230200,K5230200,10
Z90,2024-44,800897225254,K5230200,K5230200,12
Z90,2024-45,800897225254,K5230200,K5230200,6
Z90,2024-46,800897225254,K5230200,K5230200,2
Z90,2024-47,800897225254,K5230200,K5230200,10
Z90,2024-48,800897225254,K5230200,K5230200,27
Z90,2024-49,800897225254,K5230200,K5230200,8
Z90,2024-50,800897225254,K5230200,K5230200,4
Z90,2024-51,800897225254,K5230200,K5230200,7
Z90,2024-53,800897225254,K5230200,K5230200,5
Z90,2025-00,800897225254,K5230200,K5230200,5
Z90,2025-01,800897225254,K5230200,K5230200,19
Z90,2025-02,800897225254,K5230200,K5230200,9
Z90,2025-03,800897225254,K5230200,K5230200,7
Z90,2025-04,800897225254,K5230200,K5230200,7
Z90,2025-05,800897225254,K5230200,K5230200,1
Z90,2025-06,800897225254,K5230200,K5230200,1
Z90,2025-07,800897225254,K5230200,K5230200,1
Z90,2025-08,800897225254,K5230200,K5230200,4
Z90,2025-09,800897225254,K5230200,K5230200,1
Z90,2025-10,800897225254,K5230200,K5230200,1
Z90,2025-11,800897225254,K5230200,K5230200,1
Z90,2025-12,800897225254,K5230200,K5230200,1
Z90,2025-14,800897225254,K5230200,K5230200,7
Z90,2025-15,800897225254,K5230200,K5230200,1
Z90,2025-16,800897225254,K5230200,K5230200,11
Z90,2025-17,800897225254,K5230200,K5230200,6
Z90,2025-18,800897225254,K5230200,K5230200,28
Z90,2025-19,800897225254,K5230200,K5230200,3
Z90,2024-18,800897846008,K4262104,K4262100,32
Z90,2024-19,800897846008,K4262104,K4262100,57
Z90,2024-20,800897846008,K4262104,K4262100,28
Z90,2024-21,800897846008,K4262104,K4262100,33
Z90,2024-22,800897846008,K4262104,K4262100,17
Z90,2024-23,800897846008,K4262104,K4262100,44
Z90,2024-24,800897846008,K4262104,K4262100,71
Z90,2024-25,800897846008,K4262104,K4262100,31
Z90,2024-26,800897846008,K4262104,K4262100,61
Z90,2024-27,800897846008,K4262104,K4262100,83
Z90,2024-28,800897846008,K4262104,K4262100,72
Z90,2024-29,800897846008,K4262104,K4262100,82
Z90,2024-30,800897846008,K4262104,K4262100,63
Z90,2024-31,800897846008,K4262104,K4262100,55
Z90,2024-32,800897846008,K4262104,K4262100,93
Z90,2024-33,800897846008,K4262104,K4262100,97
Z90,2024-34,800897846008,K4262104,K4262100,126
Z90,2024-35,800897846008,K4262104,K4262100,47
Z90,2024-36,800897846008,K4262104,K4262100,44
Z90,2024-37,800897846008,K4262104,K4262100,50
Z90,2024-38,800897846008,K4262104,K4262100,20
Z90,2024-39,800897846008,K4262104,K4262100,15
Z90,2024-40,800897846008,K4262104,K4262100,6
Z90,2024-41,800897846008,K4262104,K4262100,13
Z90,2024-42,800897846008,K4262104,K4262100,10
Z90,2024-43,800897846008,K4262104,K4262100,25
Z90,2024-44,800897846008,K4262104,K4262100,32
Z90,2024-45,800897846008,K4262104,K4262100,10
Z90,2024-46,800897846008,K4262104,K4262100,18
Z90,2024-47,800897846008,K4262104,K4262100,30
Z90,2024-48,800897846008,K4262104,K4262100,2
Z90,2024-49,800897846008,K4262104,K4262100,3
Z90,2024-50,800897846008,K4262104,K4262100,3
Z90,2024-51,800897846008,K4262104,K4262100,7
Z90,2024-52,800897846008,K4262104,K4262100,10
Z90,2024-53,800897846008,K4262104,K4262100,2
Z90,2025-00,800897846008,K4262104,K4262100,3
Z90,2025-01,800897846008,K4262104,K4262100,17
Z90,2025-02,800897846008,K4262104,K4262100,8
Z90,2025-03,800897846008,K4262104,K4262100,13
Z90,2025-04,800897846008,K4262104,K4262100,2
Z90,2025-05,800897846008,K4262104,K4262100,4
Z90,2025-06,800897846008,K4262104,K4262100,6
Z90,2025-07,800897846008,K4262104,K4262100,9
Z90,2025-08,800897846008,K4262104,K4262100,9
Z90,2025-09,800897846008,K4262104,K4262100,4
Z90,2025-10,800897846008,K4262104,K4262100,2
Z90,2025-11,800897846008,K4262104,K4262100,9
Z90,2025-12,800897846008,K4262104,K4262100,7
Z90,2025-13,800897846008,K4262104,K4262100,11
Z90,2025-14,800897846008,K4262104,K4262100,9
Z90,2025-15,800897846008,K4262104,K4262100,15
Z90,2025-16,800897846008,K4262104,K4262100,23
Z90,2025-17,800897846008,K4262104,K4262100,18
Z90,2025-18,800897846008,K4262104,K4262100,15
Z90,2025-19,800897846008,K4262104,K4262100,1